match_id,puuid,platform,match_platform,rank_bucket,tier,division,league_points,collection_time,game_version,participant_id,role,champion,win
EUW1_7964812094,DHYvXthtEDHeqfxeNxF6wqzR6S6rrjvO5dX6Cxh7n9EVyQS-YqLw7zyYIuXBzq2OolM9eMUU-5_2eg,EUW1,EUW1,EMERALD,EMERALD,I,75,2026-10-09T15:53:13.290878+00:00,16.17.810.4348,6,TOP,Yasuo,True
EUW1_7963543165,DHYvXthtEDHeqfxeNxF6wqzR6S6rrjvO5dX6Cxh7n9EVyQS-YqLw7zyYIuXBzq2OolM9eMUU-5_2eg,EUW1,EUW1,EMERALD,EMERALD,I,75,2026-10-09T15:53:16.081463+00:00,16.17.810.4348,6,TOP,Gragas,True
EUW1_7963536617,DHYvXthtEDHeqfxeNxF6wqzR6S6rrjvO5dX6Cxh7n9EVyQS-YqLw7zyYIuXBzq2OolM9eMUU-5_2eg,EUW1,EUW1,EMERALD,EMERALD,I,75,2026-10-09T15:53:18.914627+00:00,16.17.810.4348,1,TOP,Yasuo,False
EUW1_7923537907,DHYvXthtEDHeqfxeNxF6wqzR6S6rrjvO5dX6Cxh7n9EVyQS-YqLw7zyYIuXBzq2OolM9eMUU-5_2eg,EUW1,EUW1,EMERALD,EMERALD,I,75,2026-10-09T15:53:21.697791+00:00,16.14.794.5912,6,TOP,Shen,False
EUW1_7920852971,DHYvXthtEDHeqfxeNxF6wqzR6S6rrjvO5dX6Cxh7n9EVyQS-YqLw7zyYIuXBzq2OolM9eMUU-5_2eg,EUW1,EUW1,EMERALD,EMERALD,I,75,2026-10-09T15:53:24.166029+00:00,16.14.794.5912,1,TOP,Ambessa,True
EUW1_7995067065,kreqoJsScpSBSRnWJCzQoofeON6tAKbREgchSFeJjCYkfVYHOJ9AYA5yIOa5XyBEQ_RM7mJ_mB4E0g,EUW1,EUW1,EMERALD,EMERALD,II,30,2026-10-09T15:53:27.393187+00:00,16.19.821.7343,5,UTILITY,Nautilus,True
EUW1_7995026802,kreqoJsScpSBSRnWJCzQoofeON6tAKbREgchSFeJjCYkfVYHOJ9AYA5yIOa5XyBEQ_RM7mJ_mB4E0g,EUW1,EUW1,EMERALD,EMERALD,II,30,2026-10-09T15:53:30.221398+00:00,16.19.821.7343,10,UTILITY,Lulu,False
EUW1_7994983925,kreqoJsScpSBSRnWJCzQoofeON6tAKbREgchSFeJjCYkfVYHOJ9AYA5yIOa5XyBEQ_RM7mJ_mB4E0g,EUW1,EUW1,EMERALD,EMERALD,II,30,2026-10-09T15:53:32.579029+00:00,16.19.821.7343,5,UTILITY,Nautilus,False
EUW1_7994952535,kreqoJsScpSBSRnWJCzQoofeON6tAKbREgchSFeJjCYkfVYHOJ9AYA5yIOa5XyBEQ_RM7mJ_mB4E0g,EUW1,EUW1,EMERALD,EMERALD,II,30,2026-10-09T15:53:34.705598+00:00,16.19.821.7343,5,UTILITY,Nautilus,True
EUW1_7994883302,kreqoJsScpSBSRnWJCzQoofeON6tAKbREgchSFeJjCYkfVYHOJ9AYA5yIOa5XyBEQ_RM7mJ_mB4E0g,EUW1,EUW1,EMERALD,EMERALD,II,30,2026-10-09T15:53:37.462690+00:00,16.19.821.7343,5,UTILITY,Nautilus,True
EUW1_7990557809,cGoTLViYNp8kD1nCA3AHEoOp10P9MpkEHUdffd1Mwl5vaM2aOQBz2DyURpFJm1wF6HQDgzwUcwWE6Q,EUW1,EUW1,EMERALD,EMERALD,III,47,2026-10-09T15:53:40.132345+00:00,16.18.817.5716,1,TOP,Darius,True
EUW1_7990478132,cGoTLViYNp8kD1nCA3AHEoOp10P9MpkEHUdffd1Mwl5vaM2aOQBz2DyURpFJm1wF6HQDgzwUcwWE6Q,EUW1,EUW1,EMERALD,EMERALD,III,47,2026-10-09T15:53:42.607405+00:00,16.18.817.5716,6,TOP,Illaoi,True
EUW1_7977568739,cGoTLViYNp8kD1nCA3AHEoOp10P9MpkEHUdffd1Mwl5vaM2aOQBz2DyURpFJm1wF6HQDgzwUcwWE6Q,EUW1,EUW1,EMERALD,EMERALD,III,47,2026-10-09T15:53:44.969701+00:00,16.17.810.4348,1,TOP,Illaoi,True
EUW1_7953527917,cGoTLViYNp8kD1nCA3AHEoOp10P9MpkEHUdffd1Mwl5vaM2aOQBz2DyURpFJm1wF6HQDgzwUcwWE6Q,EUW1,EUW1,EMERALD,EMERALD,III,47,2026-10-09T15:53:46.945067+00:00,16.16.804.9184,1,TOP,Shen,True
EUW1_7952334487,cGoTLViYNp8kD1nCA3AHEoOp10P9MpkEHUdffd1Mwl5vaM2aOQBz2DyURpFJm1wF6HQDgzwUcwWE6Q,EUW1,EUW1,EMERALD,EMERALD,III,47,2026-10-09T15:53:49.248693+00:00,16.16.804.9184,1,TOP,Sett,True
EUW1_7853489677,YoLN6-w2cEtRDkOcJ4cu8JxnR1MzD8-8Y_u-VpPjacukcGAjOr3cV8cIjhiPL6vQ6v3jTJjOoI6PAg,EUW1,EUW1,EMERALD,EMERALD,IV,60,2026-10-09T15:53:51.626492+00:00,16.10.775.1511,3,MIDDLE,Syndra,False
EUW1_7818349715,YoLN6-w2cEtRDkOcJ4cu8JxnR1MzD8-8Y_u-VpPjacukcGAjOr3cV8cIjhiPL6vQ6v3jTJjOoI6PAg,EUW1,EUW1,EMERALD,EMERALD,IV,60,2026-10-09T15:53:54.584319+00:00,16.7.760.9485,8,MIDDLE,Katarina,False
EUW1_7818301132,YoLN6-w2cEtRDkOcJ4cu8JxnR1MzD8-8Y_u-VpPjacukcGAjOr3cV8cIjhiPL6vQ6v3jTJjOoI6PAg,EUW1,EUW1,EMERALD,EMERALD,IV,60,2026-10-09T15:53:57.107419+00:00,16.7.760.9485,3,MIDDLE,Katarina,True
EUW1_7816784753,YoLN6-w2cEtRDkOcJ4cu8JxnR1MzD8-8Y_u-VpPjacukcGAjOr3cV8cIjhiPL6vQ6v3jTJjOoI6PAg,EUW1,EUW1,EMERALD,EMERALD,IV,60,2026-10-09T15:53:59.494630+00:00,16.7.760.9485,6,TOP,Irelia,False
EUW1_7816765606,YoLN6-w2cEtRDkOcJ4cu8JxnR1MzD8-8Y_u-VpPjacukcGAjOr3cV8cIjhiPL6vQ6v3jTJjOoI6PAg,EUW1,EUW1,EMERALD,EMERALD,IV,60,2026-10-09T15:54:01.936479+00:00,16.7.760.9485,1,TOP,Yone,False
EUW1_7947292635,EXeA9vWMVApvK9LZTeqtXmyGfKQX0d-sOOeU-HYDOxbhgr7g7WivcvLu_c9UbVYE-kD7HZi5eWg8XQ,EUW1,EUW1,EMERALD,EMERALD,I,75,2026-10-09T15:54:04.191045+00:00,16.15.802.4387,8,MIDDLE,Jayce,True
EUW1_7947255079,EXeA9vWMVApvK9LZTeqtXmyGfKQX0d-sOOeU-HYDOxbhgr7g7WivcvLu_c9UbVYE-kD7HZi5eWg8XQ,EUW1,EUW1,EMERALD,EMERALD,I,75,2026-10-09T15:54:06.677971+00:00,16.15.802.4387,3,MIDDLE,Jayce,False
EUW1_7947229137,EXeA9vWMVApvK9LZTeqtXmyGfKQX0d-sOOeU-HYDOxbhgr7g7WivcvLu_c9UbVYE-kD7HZi5eWg8XQ,EUW1,EUW1,EMERALD,EMERALD,I,75,2026-10-09T15:54:08.715921+00:00,16.15.802.4387,8,MIDDLE,Jayce,True
EUW1_7946885793,EXeA9vWMVApvK9LZTeqtXmyGfKQX0d-sOOeU-HYDOxbhgr7g7WivcvLu_c9UbVYE-kD7HZi5eWg8XQ,EUW1,EUW1,EMERALD,EMERALD,I,75,2026-10-09T15:54:10.935782+00:00,16.15.802.4387,3,MIDDLE,Gragas,False
EUW1_7946842120,EXeA9vWMVApvK9LZTeqtXmyGfKQX0d-sOOeU-HYDOxbhgr7g7WivcvLu_c9UbVYE-kD7HZi5eWg8XQ,EUW1,EUW1,EMERALD,EMERALD,I,75,2026-10-09T15:54:13.294411+00:00,16.15.802.4387,3,MIDDLE,Orianna,True
EUW1_8007776676,urErsmh9A2cWhqoZihP62g1SDw6sza92H3FAVmlkQACApGkKOvQYqN7wP7y1KF_UNHCmN52Dz71Jvg,EUW1,EUW1,EMERALD,EMERALD,II,72,2026-10-09T15:54:16.130086+00:00,16.20.824.8524,9,BOTTOM,Kaisa,False
EUW1_8007750484,urErsmh9A2cWhqoZihP62g1SDw6sza92H3FAVmlkQACApGkKOvQYqN7wP7y1KF_UNHCmN52Dz71Jvg,EUW1,EUW1,EMERALD,EMERALD,II,72,2026-10-09T15:54:17.901502+00:00,16.20.824.8524,4,BOTTOM,Yunara,False
EUW1_8007718898,urErsmh9A2cWhqoZihP62g1SDw6sza92H3FAVmlkQACApGkKOvQYqN7wP7y1KF_UNHCmN52Dz71Jvg,EUW1,EUW1,EMERALD,EMERALD,II,72,2026-10-09T15:54:19.501342+00:00,16.20.824.8524,4,BOTTOM,Jinx,True
EUW1_8007412937,urErsmh9A2cWhqoZihP62g1SDw6sza92H3FAVmlkQACApGkKOvQYqN7wP7y1KF_UNHCmN52Dz71Jvg,EUW1,EUW1,EMERALD,EMERALD,II,72,2026-10-09T15:54:21.692188+00:00,16.20.824.8524,4,BOTTOM,Kaisa,False
EUW1_8007373996,urErsmh9A2cWhqoZihP62g1SDw6sza92H3FAVmlkQACApGkKOvQYqN7wP7y1KF_UNHCmN52Dz71Jvg,EUW1,EUW1,EMERALD,EMERALD,II,72,2026-10-09T15:54:23.874869+00:00,16.20.824.8524,4,BOTTOM,Kaisa,True
EUW1_7989433724,pEGNJtz82hFszQBR1bGb7lAn8PgNay66ZQMyEyZGpl3AdzDJnU4Sc8oFMccrai7nF9mzIdhyJ_7Oqg,EUW1,EUW1,EMERALD,EMERALD,III,5,2026-10-09T15:54:26.367200+00:00,16.18.817.5716,6,TOP,RekSai,False
EUW1_7989185446,pEGNJtz82hFszQBR1bGb7lAn8PgNay66ZQMyEyZGpl3AdzDJnU4Sc8oFMccrai7nF9mzIdhyJ_7Oqg,EUW1,EUW1,EMERALD,EMERALD,III,5,2026-10-09T15:54:28.741847+00:00,16.18.817.5716,6,TOP,RekSai,False
EUW1_7926483177,pEGNJtz82hFszQBR1bGb7lAn8PgNay66ZQMyEyZGpl3AdzDJnU4Sc8oFMccrai7nF9mzIdhyJ_7Oqg,EUW1,EUW1,EMERALD,EMERALD,III,5,2026-10-09T15:54:31.089048+00:00,16.14.794.5912,6,TOP,RekSai,False
EUW1_7911611341,pEGNJtz82hFszQBR1bGb7lAn8PgNay66ZQMyEyZGpl3AdzDJnU4Sc8oFMccrai7nF9mzIdhyJ_7Oqg,EUW1,EUW1,EMERALD,EMERALD,III,5,2026-10-09T15:54:33.412347+00:00,16.13.791.5903,1,TOP,RekSai,False
EUW1_7911582893,pEGNJtz82hFszQBR1bGb7lAn8PgNay66ZQMyEyZGpl3AdzDJnU4Sc8oFMccrai7nF9mzIdhyJ_7Oqg,EUW1,EUW1,EMERALD,EMERALD,III,5,2026-10-09T15:54:35.672962+00:00,16.13.791.5903,1,TOP,RekSai,True
EUW1_7988727655,SuQmrrak3YBgf4coiPYWEvh4pclBNQHuCvS81nbp6FaAePdGwFFVb8EKGhMFol1U37ToF4GL-QCr-A,EUW1,EUW1,EMERALD,EMERALD,IV,85,2026-10-09T15:54:38.136393+00:00,16.18.817.5716,5,UTILITY,Milio,True
EUW1_7988695818,SuQmrrak3YBgf4coiPYWEvh4pclBNQHuCvS81nbp6FaAePdGwFFVb8EKGhMFol1U37ToF4GL-QCr-A,EUW1,EUW1,EMERALD,EMERALD,IV,85,2026-10-09T15:54:40.185599+00:00,16.18.817.5716,5,UTILITY,Senna,True
EUW1_7782391625,SuQmrrak3YBgf4coiPYWEvh4pclBNQHuCvS81nbp6FaAePdGwFFVb8EKGhMFol1U37ToF4GL-QCr-A,EUW1,EUW1,EMERALD,EMERALD,IV,85,2026-10-09T15:54:42.587520+00:00,16.5.752.7101,4,BOTTOM,Tristana,False
EUW1_7782356279,SuQmrrak3YBgf4coiPYWEvh4pclBNQHuCvS81nbp6FaAePdGwFFVb8EKGhMFol1U37ToF4GL-QCr-A,EUW1,EUW1,EMERALD,EMERALD,IV,85,2026-10-09T15:54:44.926079+00:00,16.5.752.7101,8,MIDDLE,Annie,False
EUW1_7782338663,SuQmrrak3YBgf4coiPYWEvh4pclBNQHuCvS81nbp6FaAePdGwFFVb8EKGhMFol1U37ToF4GL-QCr-A,EUW1,EUW1,EMERALD,EMERALD,IV,85,2026-10-09T15:54:47.200967+00:00,16.5.752.7101,9,BOTTOM,Caitlyn,True
EUW1_8008017340,FE_7CXYYxYThNMbQ_uKRXmHl7hCfOVRUQ39_ObqJllE0eXC6wJfpisoIi2PFsfy-WZFA8O99PVFoHg,EUW1,EUW1,EMERALD,EMERALD,I,53,2026-10-09T15:54:49.514103+00:00,16.20.824.8524,4,BOTTOM,Caitlyn,False
EUW1_8007870166,FE_7CXYYxYThNMbQ_uKRXmHl7hCfOVRUQ39_ObqJllE0eXC6wJfpisoIi2PFsfy-WZFA8O99PVFoHg,EUW1,EUW1,EMERALD,EMERALD,I,53,2026-10-09T15:54:51.102634+00:00,16.20.824.8524,4,BOTTOM,Jhin,False
EUW1_8007848138,FE_7CXYYxYThNMbQ_uKRXmHl7hCfOVRUQ39_ObqJllE0eXC6wJfpisoIi2PFsfy-WZFA8O99PVFoHg,EUW1,EUW1,EMERALD,EMERALD,I,53,2026-10-09T15:54:52.873457+00:00,16.20.824.8524,4,BOTTOM,KogMaw,False
EUW1_8007828463,FE_7CXYYxYThNMbQ_uKRXmHl7hCfOVRUQ39_ObqJllE0eXC6wJfpisoIi2PFsfy-WZFA8O99PVFoHg,EUW1,EUW1,EMERALD,EMERALD,I,53,2026-10-09T15:54:55.172103+00:00,16.20.824.8524,1,TOP,Tryndamere,False
EUW1_8007180820,FE_7CXYYxYThNMbQ_uKRXmHl7hCfOVRUQ39_ObqJllE0eXC6wJfpisoIi2PFsfy-WZFA8O99PVFoHg,EUW1,EUW1,EMERALD,EMERALD,I,53,2026-10-09T15:54:57.328806+00:00,16.20.824.8524,9,BOTTOM,Jinx,True
EUW1_7928052297,-dmgKMfSKAAmj7TKsrSsnLenzesnRbo8cht6K_vH5bhRC8rEK0ce41MV1H_UP0rpc-8HdrvF-qxfdA,EUW1,EUW1,EMERALD,EMERALD,II,72,2026-10-09T15:55:12.565588+00:00,16.14.794.9266,9,BOTTOM,Jhin,True
EUW1_7927626317,-dmgKMfSKAAmj7TKsrSsnLenzesnRbo8cht6K_vH5bhRC8rEK0ce41MV1H_UP0rpc-8HdrvF-qxfdA,EUW1,EUW1,EMERALD,EMERALD,II,72,2026-10-09T15:55:15.461796+00:00,16.14.794.9266,9,BOTTOM,Ezreal,True
EUW1_7924270097,-dmgKMfSKAAmj7TKsrSsnLenzesnRbo8cht6K_vH5bhRC8rEK0ce41MV1H_UP0rpc-8HdrvF-qxfdA,EUW1,EUW1,EMERALD,EMERALD,II,72,2026-10-09T15:55:17.678605+00:00,16.14.794.5912,4,BOTTOM,Ashe,False
EUW1_7924240848,-dmgKMfSKAAmj7TKsrSsnLenzesnRbo8cht6K_vH5bhRC8rEK0ce41MV1H_UP0rpc-8HdrvF-qxfdA,EUW1,EUW1,EMERALD,EMERALD,II,72,2026-10-09T15:55:20.055965+00:00,16.14.794.5912,10,UTILITY,Thresh,False
EUW1_7922200740,-dmgKMfSKAAmj7TKsrSsnLenzesnRbo8cht6K_vH5bhRC8rEK0ce41MV1H_UP0rpc-8HdrvF-qxfdA,EUW1,EUW1,EMERALD,EMERALD,II,72,2026-10-09T15:55:22.296039+00:00,16.14.794.5912,10,UTILITY,Mel,False
EUW1_8002641224,UUJ3GuGFI0AE7QyNqH0eosez7rV8mwzVEoz3d3J4vJpwmdK5WsrVZj7dGIwn57JiF6tcEGwHLroFMQ,EUW1,EUW1,EMERALD,EMERALD,III,76,2026-10-09T15:55:25.134195+00:00,16.19.823.722,7,JUNGLE,Qiyana,False
EUW1_8001515745,UUJ3GuGFI0AE7QyNqH0eosez7rV8mwzVEoz3d3J4vJpwmdK5WsrVZj7dGIwn57JiF6tcEGwHLroFMQ,EUW1,EUW1,EMERALD,EMERALD,III,76,2026-10-09T15:55:27.486154+00:00,16.19.823.722,2,JUNGLE,Qiyana,False
EUW1_8001473685,UUJ3GuGFI0AE7QyNqH0eosez7rV8mwzVEoz3d3J4vJpwmdK5WsrVZj7dGIwn57JiF6tcEGwHLroFMQ,EUW1,EUW1,EMERALD,EMERALD,III,76,2026-10-09T15:55:29.897576+00:00,16.19.823.722,8,MIDDLE,Annie,False
EUW1_8001437086,UUJ3GuGFI0AE7QyNqH0eosez7rV8mwzVEoz3d3J4vJpwmdK5WsrVZj7dGIwn57JiF6tcEGwHLroFMQ,EUW1,EUW1,EMERALD,EMERALD,III,76,2026-10-09T15:55:32.171562+00:00,16.19.823.722,2,JUNGLE,Qiyana,False
EUW1_8001402179,UUJ3GuGFI0AE7QyNqH0eosez7rV8mwzVEoz3d3J4vJpwmdK5WsrVZj7dGIwn57JiF6tcEGwHLroFMQ,EUW1,EUW1,EMERALD,EMERALD,III,76,2026-10-09T15:55:34.509527+00:00,16.19.823.722,7,JUNGLE,Qiyana,True
EUW1_7948390631,Wt6cRH26pq7YnQVmACDqKFagO8NMCnhJFZOTd7MjBvZG7OdCzeV_4KOmRxLYpAZwW0cGDwYBGHy7ag,EUW1,EUW1,EMERALD,EMERALD,IV,50,2026-10-09T15:55:37.009038+00:00,16.16.804.9184,10,UTILITY,Nami,False
EUW1_7948344083,Wt6cRH26pq7YnQVmACDqKFagO8NMCnhJFZOTd7MjBvZG7OdCzeV_4KOmRxLYpAZwW0cGDwYBGHy7ag,EUW1,EUW1,EMERALD,EMERALD,IV,50,2026-10-09T15:55:38.998980+00:00,16.16.804.9184,5,UTILITY,Morgana,True
EUW1_7947539308,Wt6cRH26pq7YnQVmACDqKFagO8NMCnhJFZOTd7MjBvZG7OdCzeV_4KOmRxLYpAZwW0cGDwYBGHy7ag,EUW1,EUW1,EMERALD,EMERALD,IV,50,2026-10-09T15:55:40.754735+00:00,16.15.802.4387,10,UTILITY,Sejuani,False
EUW1_7947507794,Wt6cRH26pq7YnQVmACDqKFagO8NMCnhJFZOTd7MjBvZG7OdCzeV_4KOmRxLYpAZwW0cGDwYBGHy7ag,EUW1,EUW1,EMERALD,EMERALD,IV,50,2026-10-09T15:55:42.860106+00:00,16.15.802.4387,10,UTILITY,Swain,False
EUW1_7907443348,Wt6cRH26pq7YnQVmACDqKFagO8NMCnhJFZOTd7MjBvZG7OdCzeV_4KOmRxLYpAZwW0cGDwYBGHy7ag,EUW1,EUW1,EMERALD,EMERALD,IV,50,2026-10-09T15:55:45.562966+00:00,16.13.791.5903,10,UTILITY,Mel,True
EUW1_7792377858,IEWeARTYzVegWwjEIdyh0Vj8SjhDNj-1jg5jepxNP4q8G51cgt4x7x2OsTLKrCaLYpx9LSsKQkJwWQ,EUW1,EUW1,EMERALD,EMERALD,I,75,2026-10-09T15:55:48.116196+00:00,16.6.756.931,1,TOP,MasterYi,False
EUW1_7792342315,IEWeARTYzVegWwjEIdyh0Vj8SjhDNj-1jg5jepxNP4q8G51cgt4x7x2OsTLKrCaLYpx9LSsKQkJwWQ,EUW1,EUW1,EMERALD,EMERALD,I,75,2026-10-09T15:55:50.424223+00:00,16.6.756.931,8,MIDDLE,Akshan,True
EUW1_7792302977,IEWeARTYzVegWwjEIdyh0Vj8SjhDNj-1jg5jepxNP4q8G51cgt4x7x2OsTLKrCaLYpx9LSsKQkJwWQ,EUW1,EUW1,EMERALD,EMERALD,I,75,2026-10-09T15:55:52.879630+00:00,16.6.756.931,8,MIDDLE,Katarina,False
EUW1_7792262868,IEWeARTYzVegWwjEIdyh0Vj8SjhDNj-1jg5jepxNP4q8G51cgt4x7x2OsTLKrCaLYpx9LSsKQkJwWQ,EUW1,EUW1,EMERALD,EMERALD,I,75,2026-10-09T15:55:55.090721+00:00,16.6.756.931,3,MIDDLE,Katarina,False
EUW1_7792253151,IEWeARTYzVegWwjEIdyh0Vj8SjhDNj-1jg5jepxNP4q8G51cgt4x7x2OsTLKrCaLYpx9LSsKQkJwWQ,EUW1,EUW1,EMERALD,EMERALD,I,75,2026-10-09T15:55:56.396538+00:00,16.6.756.931,3,MIDDLE,Katarina,True
EUW1_8007895817,TVqK44xUf4AXdLU8uTuqJjphd7wGFW96ndjTwBFPoa2vkT_Hhz7dSO_g0z624dp6ISqdXPNEK2-A-Q,EUW1,EUW1,EMERALD,EMERALD,II,21,2026-10-09T15:55:58.076335+00:00,16.20.824.8524,5,UTILITY,Blitzcrank,False
EUW1_8007868032,TVqK44xUf4AXdLU8uTuqJjphd7wGFW96ndjTwBFPoa2vkT_Hhz7dSO_g0z624dp6ISqdXPNEK2-A-Q,EUW1,EUW1,EMERALD,EMERALD,II,21,2026-10-09T15:56:00.350170+00:00,16.20.824.8524,10,UTILITY,TahmKench,False
EUW1_8006736062,TVqK44xUf4AXdLU8uTuqJjphd7wGFW96ndjTwBFPoa2vkT_Hhz7dSO_g0z624dp6ISqdXPNEK2-A-Q,EUW1,EUW1,EMERALD,EMERALD,II,21,2026-10-09T15:56:02.663485+00:00,16.20.824.8524,5,UTILITY,TahmKench,True
EUW1_8004989754,TVqK44xUf4AXdLU8uTuqJjphd7wGFW96ndjTwBFPoa2vkT_Hhz7dSO_g0z624dp6ISqdXPNEK2-A-Q,EUW1,EUW1,EMERALD,EMERALD,II,21,2026-10-09T15:56:05.265653+00:00,16.19.823.722,10,UTILITY,TahmKench,True
EUW1_7995598049,TVqK44xUf4AXdLU8uTuqJjphd7wGFW96ndjTwBFPoa2vkT_Hhz7dSO_g0z624dp6ISqdXPNEK2-A-Q,EUW1,EUW1,EMERALD,EMERALD,II,21,2026-10-09T15:56:07.805195+00:00,16.19.821.7343,5,UTILITY,Blitzcrank,True
EUW1_8000216606,mm0k-1zXa3tBO7-qcdVVmrUNf6GQLfzsGPs2H-7sTQ0HPum1t8iUeVS8zTWz62HshcpX-ZH80oWJMg,EUW1,EUW1,EMERALD,EMERALD,III,14,2026-10-09T15:56:10.072931+00:00,16.19.823.722,4,BOTTOM,MissFortune,True
EUW1_8000203557,mm0k-1zXa3tBO7-qcdVVmrUNf6GQLfzsGPs2H-7sTQ0HPum1t8iUeVS8zTWz62HshcpX-ZH80oWJMg,EUW1,EUW1,EMERALD,EMERALD,III,14,2026-10-09T15:56:12.282287+00:00,16.19.823.722,6,TOP,Sett,False
EUW1_8000186522,mm0k-1zXa3tBO7-qcdVVmrUNf6GQLfzsGPs2H-7sTQ0HPum1t8iUeVS8zTWz62HshcpX-ZH80oWJMg,EUW1,EUW1,EMERALD,EMERALD,III,14,2026-10-09T15:56:14.624444+00:00,16.19.823.722,6,TOP,Darius,True
EUW1_8000165568,mm0k-1zXa3tBO7-qcdVVmrUNf6GQLfzsGPs2H-7sTQ0HPum1t8iUeVS8zTWz62HshcpX-ZH80oWJMg,EUW1,EUW1,EMERALD,EMERALD,III,14,2026-10-09T15:56:16.712845+00:00,16.19.823.722,2,JUNGLE,MasterYi,False
EUW1_8000134665,mm0k-1zXa3tBO7-qcdVVmrUNf6GQLfzsGPs2H-7sTQ0HPum1t8iUeVS8zTWz62HshcpX-ZH80oWJMg,EUW1,EUW1,EMERALD,EMERALD,III,14,2026-10-09T15:56:18.926136+00:00,16.19.823.722,2,JUNGLE,MasterYi,False
EUW1_7985981973,H88pQt80-mnxIrn_9DhDMsYU0EPZ9m_cCa6sI6bLJkSkJUyuH2KZYqNU78KJqVAUBhNJqX0HH4OdLw,EUW1,EUW1,EMERALD,EMERALD,IV,29,2026-10-09T15:56:21.431512+00:00,16.18.817.5716,1,TOP,Sion,False
EUW1_7985932021,H88pQt80-mnxIrn_9DhDMsYU0EPZ9m_cCa6sI6bLJkSkJUyuH2KZYqNU78KJqVAUBhNJqX0HH4OdLw,EUW1,EUW1,EMERALD,EMERALD,IV,29,2026-10-09T15:56:23.825924+00:00,16.18.817.5716,8,MIDDLE,Galio,False
EUW1_7985486961,H88pQt80-mnxIrn_9DhDMsYU0EPZ9m_cCa6sI6bLJkSkJUyuH2KZYqNU78KJqVAUBhNJqX0HH4OdLw,EUW1,EUW1,EMERALD,EMERALD,IV,29,2026-10-09T15:56:26.189422+00:00,16.18.817.5716,1,TOP,Gragas,False
EUW1_7985464802,H88pQt80-mnxIrn_9DhDMsYU0EPZ9m_cCa6sI6bLJkSkJUyuH2KZYqNU78KJqVAUBhNJqX0HH4OdLw,EUW1,EUW1,EMERALD,EMERALD,IV,29,2026-10-09T15:56:28.551868+00:00,16.18.817.5716,1,TOP,Sion,False
EUW1_7985435221,H88pQt80-mnxIrn_9DhDMsYU0EPZ9m_cCa6sI6bLJkSkJUyuH2KZYqNU78KJqVAUBhNJqX0HH4OdLw,EUW1,EUW1,EMERALD,EMERALD,IV,29,2026-10-09T15:56:30.664268+00:00,16.18.817.5716,6,TOP,Sion,False
EUW1_7936272876,voQ-x7h2sijpir44s51h09-JxYuzNWqRqxOWDIs2p2Q4skw83stbexYJH2vWSmwvIZuzg3Og3yzsoA,EUW1,EUW1,EMERALD,EMERALD,I,75,2026-10-09T15:56:33.467869+00:00,16.15.801.3452,10,UTILITY,Thresh,False
EUW1_7935043867,voQ-x7h2sijpir44s51h09-JxYuzNWqRqxOWDIs2p2Q4skw83stbexYJH2vWSmwvIZuzg3Og3yzsoA,EUW1,EUW1,EMERALD,EMERALD,I,75,2026-10-09T15:56:35.637597+00:00,16.15.800.8073,10,UTILITY,Thresh,True
EUW1_7934813297,voQ-x7h2sijpir44s51h09-JxYuzNWqRqxOWDIs2p2Q4skw83stbexYJH2vWSmwvIZuzg3Og3yzsoA,EUW1,EUW1,EMERALD,EMERALD,I,75,2026-10-09T15:56:37.445821+00:00,16.15.800.8073,10,UTILITY,Thresh,True
EUW1_7931073241,voQ-x7h2sijpir44s51h09-JxYuzNWqRqxOWDIs2p2Q4skw83stbexYJH2vWSmwvIZuzg3Og3yzsoA,EUW1,EUW1,EMERALD,EMERALD,I,75,2026-10-09T15:56:39.240054+00:00,16.14.794.9266,10,UTILITY,Thresh,False
EUW1_7929651037,voQ-x7h2sijpir44s51h09-JxYuzNWqRqxOWDIs2p2Q4skw83stbexYJH2vWSmwvIZuzg3Og3yzsoA,EUW1,EUW1,EMERALD,EMERALD,I,75,2026-10-09T15:56:41.601999+00:00,16.14.794.9266,10,UTILITY,Blitzcrank,False
EUW1_7743999980,ll-_9tQnfUsbis_NyDXeMa9BpA9tylvsl_xBS48LblayLvWnRKFJITJszqm9QJaL9zmOqBxpVBbIDQ,EUW1,EUW1,EMERALD,EMERALD,II,3,2026-10-09T15:56:44.199028+00:00,16.4.748.682,9,BOTTOM,Brand,False
EUW1_7725423571,ll-_9tQnfUsbis_NyDXeMa9BpA9tylvsl_xBS48LblayLvWnRKFJITJszqm9QJaL9zmOqBxpVBbIDQ,EUW1,EUW1,EMERALD,EMERALD,II,3,2026-10-09T15:56:46.931531+00:00,16.3.744.7656,9,BOTTOM,Brand,False
EUW1_7709619749,ll-_9tQnfUsbis_NyDXeMa9BpA9tylvsl_xBS48LblayLvWnRKFJITJszqm9QJaL9zmOqBxpVBbIDQ,EUW1,EUW1,EMERALD,EMERALD,II,3,2026-10-09T15:56:49.349321+00:00,16.2.741.3171,4,BOTTOM,Varus,True
EUW1_7709593554,ll-_9tQnfUsbis_NyDXeMa9BpA9tylvsl_xBS48LblayLvWnRKFJITJszqm9QJaL9zmOqBxpVBbIDQ,EUW1,EUW1,EMERALD,EMERALD,II,3,2026-10-09T15:56:51.669186+00:00,16.2.741.3171,9,BOTTOM,Vayne,False
EUW1_7709580710,ll-_9tQnfUsbis_NyDXeMa9BpA9tylvsl_xBS48LblayLvWnRKFJITJszqm9QJaL9zmOqBxpVBbIDQ,EUW1,EUW1,EMERALD,EMERALD,II,3,2026-10-09T15:56:53.709498+00:00,16.2.741.3171,9,BOTTOM,Varus,True
EUW1_8007925818,6LNyD_IWVNIB_rJynmCMRzPOC5p0aPxQJ2JixG-A4TO776MSlxSOM7gl-91ZXD4gUQZFF1NTXXp3sQ,EUW1,EUW1,EMERALD,EMERALD,III,86,2026-10-09T15:57:13.154319+00:00,16.20.824.8524,4,BOTTOM,Tristana,False
EUW1_8007581718,6LNyD_IWVNIB_rJynmCMRzPOC5p0aPxQJ2JixG-A4TO776MSlxSOM7gl-91ZXD4gUQZFF1NTXXp3sQ,EUW1,EUW1,EMERALD,EMERALD,III,86,2026-10-09T15:57:15.478252+00:00,16.20.824.8524,9,BOTTOM,Tristana,False
EUW1_8006998811,6LNyD_IWVNIB_rJynmCMRzPOC5p0aPxQJ2JixG-A4TO776MSlxSOM7gl-91ZXD4gUQZFF1NTXXp3sQ,EUW1,EUW1,EMERALD,EMERALD,III,86,2026-10-09T15:57:17.848367+00:00,16.20.824.8524,9,BOTTOM,Tristana,False
EUW1_8006984904,6LNyD_IWVNIB_rJynmCMRzPOC5p0aPxQJ2JixG-A4TO776MSlxSOM7gl-91ZXD4gUQZFF1NTXXp3sQ,EUW1,EUW1,EMERALD,EMERALD,III,86,2026-10-09T15:57:20.047249+00:00,16.20.824.8524,9,BOTTOM,Tristana,True
EUW1_8006984471,6LNyD_IWVNIB_rJynmCMRzPOC5p0aPxQJ2JixG-A4TO776MSlxSOM7gl-91ZXD4gUQZFF1NTXXp3sQ,EUW1,EUW1,EMERALD,EMERALD,III,86,2026-10-09T15:57:22.060740+00:00,16.20.824.8524,4,BOTTOM,Tristana,False
EUW1_7955502140,p20G010e1mVTV2lhypTBBcYHqGtRYt7LZxkn8A6XjmtGOiijjAnMEzUd7zTMF-atSia92Ej498BC1A,EUW1,EUW1,EMERALD,EMERALD,IV,12,2026-10-09T15:57:24.209555+00:00,16.16.804.9184,2,JUNGLE,Amumu,False
EUW1_7946146600,p20G010e1mVTV2lhypTBBcYHqGtRYt7LZxkn8A6XjmtGOiijjAnMEzUd7zTMF-atSia92Ej498BC1A,EUW1,EUW1,EMERALD,EMERALD,IV,12,2026-10-09T15:57:26.558222+00:00,16.15.802.4387,2,JUNGLE,Evelynn,True
EUW1_7920062012,p20G010e1mVTV2lhypTBBcYHqGtRYt7LZxkn8A6XjmtGOiijjAnMEzUd7zTMF-atSia92Ej498BC1A,EUW1,EUW1,EMERALD,EMERALD,IV,12,2026-10-09T15:57:28.704616+00:00,16.14.794.5912,2,JUNGLE,Amumu,True
EUW1_7920042937,p20G010e1mVTV2lhypTBBcYHqGtRYt7LZxkn8A6XjmtGOiijjAnMEzUd7zTMF-atSia92Ej498BC1A,EUW1,EUW1,EMERALD,EMERALD,IV,12,2026-10-09T15:57:30.439701+00:00,16.14.794.5912,2,JUNGLE,Amumu,True
EUW1_7920027552,p20G010e1mVTV2lhypTBBcYHqGtRYt7LZxkn8A6XjmtGOiijjAnMEzUd7zTMF-atSia92Ej498BC1A,EUW1,EUW1,EMERALD,EMERALD,IV,12,2026-10-09T15:57:32.520466+00:00,16.14.794.5912,7,JUNGLE,Amumu,True
EUW1_7937596020,kHH6s1ftVg1m00zkisKvEIId1eaESBw1oJh0iqoRvHaI46oqg144PRvNzR2nbWMy8Aqu9f7rcWupYw,EUW1,EUW1,EMERALD,EMERALD,I,75,2026-10-09T15:57:35.156221+00:00,16.15.801.3452,9,BOTTOM,Tristana,False
EUW1_7937564411,kHH6s1ftVg1m00zkisKvEIId1eaESBw1oJh0iqoRvHaI46oqg144PRvNzR2nbWMy8Aqu9f7rcWupYw,EUW1,EUW1,EMERALD,EMERALD,I,75,2026-10-09T15:57:37.255755+00:00,16.15.801.3452,9,BOTTOM,Kaisa,True
EUW1_7937057367,kHH6s1ftVg1m00zkisKvEIId1eaESBw1oJh0iqoRvHaI46oqg144PRvNzR2nbWMy8Aqu9f7rcWupYw,EUW1,EUW1,EMERALD,EMERALD,I,75,2026-10-09T15:57:39.115873+00:00,16.15.801.3452,7,JUNGLE,JarvanIV,False
EUW1_7936566543,kHH6s1ftVg1m00zkisKvEIId1eaESBw1oJh0iqoRvHaI46oqg144PRvNzR2nbWMy8Aqu9f7rcWupYw,EUW1,EUW1,EMERALD,EMERALD,I,75,2026-10-09T15:57:41.270659+00:00,16.15.801.3452,9,BOTTOM,Xayah,False
EUW1_7936532748,kHH6s1ftVg1m00zkisKvEIId1eaESBw1oJh0iqoRvHaI46oqg144PRvNzR2nbWMy8Aqu9f7rcWupYw,EUW1,EUW1,EMERALD,EMERALD,I,75,2026-10-09T15:57:43.514810+00:00,16.15.801.3452,5,UTILITY,Rell,False
EUW1_8008147354,V99t53FFhzEtttn-zVn7IxHpDdaihpIxoCaHhUqZOUtN3HqtQ0FePaTtxblryfEQ6476KJoa3oPl0g,EUW1,EUW1,EMERALD,EMERALD,II,75,2026-10-09T15:57:45.784447+00:00,16.20.824.8524,4,BOTTOM,Tristana,False
EUW1_8008130796,V99t53FFhzEtttn-zVn7IxHpDdaihpIxoCaHhUqZOUtN3HqtQ0FePaTtxblryfEQ6476KJoa3oPl0g,EUW1,EUW1,EMERALD,EMERALD,II,75,2026-10-09T15:57:47.820577+00:00,16.20.824.8524,9,BOTTOM,Caitlyn,False
EUW1_8007532060,V99t53FFhzEtttn-zVn7IxHpDdaihpIxoCaHhUqZOUtN3HqtQ0FePaTtxblryfEQ6476KJoa3oPl0g,EUW1,EUW1,EMERALD,EMERALD,II,75,2026-10-09T15:57:49.916482+00:00,16.20.824.8524,4,BOTTOM,Caitlyn,True
EUW1_8004907338,V99t53FFhzEtttn-zVn7IxHpDdaihpIxoCaHhUqZOUtN3HqtQ0FePaTtxblryfEQ6476KJoa3oPl0g,EUW1,EUW1,EMERALD,EMERALD,II,75,2026-10-09T15:57:51.937449+00:00,16.19.823.722,4,BOTTOM,Jinx,True
EUW1_8004867616,V99t53FFhzEtttn-zVn7IxHpDdaihpIxoCaHhUqZOUtN3HqtQ0FePaTtxblryfEQ6476KJoa3oPl0g,EUW1,EUW1,EMERALD,EMERALD,II,75,2026-10-09T15:57:53.964677+00:00,16.19.823.722,9,BOTTOM,Ezreal,False
EUW1_8008233832,hLsNuD8j9EqkTet6ZAUEgxCWlI1CKqgflRa4FfGpE2cWNKBdNq4-g0dEP0ZDwo2j3p-fXcF_Xljpig,EUW1,EUW1,EMERALD,EMERALD,III,2,2026-10-09T15:57:56.517752+00:00,16.20.824.8524,4,BOTTOM,Corki,False
EUW1_8008210641,hLsNuD8j9EqkTet6ZAUEgxCWlI1CKqgflRa4FfGpE2cWNKBdNq4-g0dEP0ZDwo2j3p-fXcF_Xljpig,EUW1,EUW1,EMERALD,EMERALD,III,2,2026-10-09T15:57:58.102528+00:00,16.20.824.8524,8,MIDDLE,Ekko,False
EUW1_8008158170,hLsNuD8j9EqkTet6ZAUEgxCWlI1CKqgflRa4FfGpE2cWNKBdNq4-g0dEP0ZDwo2j3p-fXcF_Xljpig,EUW1,EUW1,EMERALD,EMERALD,III,2,2026-10-09T15:58:00.384922+00:00,16.20.824.8524,10,UTILITY,Lux,True
EUW1_8006364964,hLsNuD8j9EqkTet6ZAUEgxCWlI1CKqgflRa4FfGpE2cWNKBdNq4-g0dEP0ZDwo2j3p-fXcF_Xljpig,EUW1,EUW1,EMERALD,EMERALD,III,2,2026-10-09T15:58:02.927963+00:00,16.20.824.8524,9,BOTTOM,Corki,True
EUW1_8006180875,hLsNuD8j9EqkTet6ZAUEgxCWlI1CKqgflRa4FfGpE2cWNKBdNq4-g0dEP0ZDwo2j3p-fXcF_Xljpig,EUW1,EUW1,EMERALD,EMERALD,III,2,2026-10-09T15:58:05.616664+00:00,16.20.824.8524,4,BOTTOM,Corki,False
EUW1_7846424657,z8biuiKhNEN1UAddTh-mjYVwdiq12mYiJqHL4pejcHNPG7dpvX2HojEnL79B39WSUEDltOJdNjjliw,EUW1,EUW1,EMERALD,EMERALD,IV,0,2026-10-09T15:58:08.078724+00:00,16.9.772.8292,8,MIDDLE,Morgana,False
EUW1_7846375826,z8biuiKhNEN1UAddTh-mjYVwdiq12mYiJqHL4pejcHNPG7dpvX2HojEnL79B39WSUEDltOJdNjjliw,EUW1,EUW1,EMERALD,EMERALD,IV,0,2026-10-09T15:58:10.206344+00:00,16.9.772.8292,10,UTILITY,Nautilus,True
EUW1_7846358517,z8biuiKhNEN1UAddTh-mjYVwdiq12mYiJqHL4pejcHNPG7dpvX2HojEnL79B39WSUEDltOJdNjjliw,EUW1,EUW1,EMERALD,EMERALD,IV,0,2026-10-09T15:58:12.331985+00:00,16.9.772.8292,8,MIDDLE,Morgana,False
EUW1_7845794921,z8biuiKhNEN1UAddTh-mjYVwdiq12mYiJqHL4pejcHNPG7dpvX2HojEnL79B39WSUEDltOJdNjjliw,EUW1,EUW1,EMERALD,EMERALD,IV,0,2026-10-09T15:58:14.674646+00:00,16.9.772.8292,3,MIDDLE,Xerath,True
EUW1_7845736723,z8biuiKhNEN1UAddTh-mjYVwdiq12mYiJqHL4pejcHNPG7dpvX2HojEnL79B39WSUEDltOJdNjjliw,EUW1,EUW1,EMERALD,EMERALD,IV,0,2026-10-09T15:58:16.999001+00:00,16.9.772.8292,3,MIDDLE,Morgana,True
EUW1_7927486954,ofL7k-kYLLForgUHuxZOtDfINUy-bqObt0LwTzIKuq5ZUDqt8irGK1Ar7VGJDdrqGaTwYz2nVEu9bQ,EUW1,EUW1,EMERALD,EMERALD,I,75,2026-10-09T15:58:18.822641+00:00,16.14.794.9266,3,MIDDLE,Anivia,False
EUW1_7927191785,ofL7k-kYLLForgUHuxZOtDfINUy-bqObt0LwTzIKuq5ZUDqt8irGK1Ar7VGJDdrqGaTwYz2nVEu9bQ,EUW1,EUW1,EMERALD,EMERALD,I,75,2026-10-09T15:58:21.153031+00:00,16.14.794.9266,3,MIDDLE,Anivia,True
EUW1_7903391216,ofL7k-kYLLForgUHuxZOtDfINUy-bqObt0LwTzIKuq5ZUDqt8irGK1Ar7VGJDdrqGaTwYz2nVEu9bQ,EUW1,EUW1,EMERALD,EMERALD,I,75,2026-10-09T15:58:23.560382+00:00,16.13.791.5903,8,MIDDLE,Anivia,False
EUW1_7898680332,ofL7k-kYLLForgUHuxZOtDfINUy-bqObt0LwTzIKuq5ZUDqt8irGK1Ar7VGJDdrqGaTwYz2nVEu9bQ,EUW1,EUW1,EMERALD,EMERALD,I,75,2026-10-09T15:58:25.931540+00:00,16.13.790.6961,3,MIDDLE,Anivia,True
EUW1_7898637720,ofL7k-kYLLForgUHuxZOtDfINUy-bqObt0LwTzIKuq5ZUDqt8irGK1Ar7VGJDdrqGaTwYz2nVEu9bQ,EUW1,EUW1,EMERALD,EMERALD,I,75,2026-10-09T15:58:28.330159+00:00,16.13.790.6961,9,BOTTOM,Caitlyn,True
EUW1_8001086912,0EMEIsui4aZ5hz0_u2CY_LT1Pv7o7fmegixbEqFsgFfpAlX3vb9bI9HSHAP31XfOZx7w-LJR4UEQLA,EUW1,EUW1,EMERALD,EMERALD,II,1,2026-10-09T15:58:30.401550+00:00,16.19.823.722,1,TOP,Garen,False
EUW1_7996157338,0EMEIsui4aZ5hz0_u2CY_LT1Pv7o7fmegixbEqFsgFfpAlX3vb9bI9HSHAP31XfOZx7w-LJR4UEQLA,EUW1,EUW1,EMERALD,EMERALD,II,1,2026-10-09T15:58:32.382852+00:00,16.19.821.7343,8,MIDDLE,Annie,True
EUW1_7996127427,0EMEIsui4aZ5hz0_u2CY_LT1Pv7o7fmegixbEqFsgFfpAlX3vb9bI9HSHAP31XfOZx7w-LJR4UEQLA,EUW1,EUW1,EMERALD,EMERALD,II,1,2026-10-09T15:58:34.297609+00:00,16.19.821.7343,3,MIDDLE,Azir,True
EUW1_7996105721,0EMEIsui4aZ5hz0_u2CY_LT1Pv7o7fmegixbEqFsgFfpAlX3vb9bI9HSHAP31XfOZx7w-LJR4UEQLA,EUW1,EUW1,EMERALD,EMERALD,II,1,2026-10-09T15:58:36.280566+00:00,16.19.821.7343,8,MIDDLE,Ekko,True
EUW1_7996062276,0EMEIsui4aZ5hz0_u2CY_LT1Pv7o7fmegixbEqFsgFfpAlX3vb9bI9HSHAP31XfOZx7w-LJR4UEQLA,EUW1,EUW1,EMERALD,EMERALD,II,1,2026-10-09T15:58:38.444646+00:00,16.19.821.7343,3,MIDDLE,Akali,True
EUW1_8006692619,i_woyoNd_ZDAH1mXNObb7SnEXoUaWXNN5JlfakUrNkBREAjX9dAse0GM3GPAx4BDlkLS3IBnN7h6nQ,EUW1,EUW1,EMERALD,EMERALD,III,52,2026-10-09T15:58:40.514763+00:00,16.20.824.8524,9,BOTTOM,Jhin,False
EUW1_8006638579,i_woyoNd_ZDAH1mXNObb7SnEXoUaWXNN5JlfakUrNkBREAjX9dAse0GM3GPAx4BDlkLS3IBnN7h6nQ,EUW1,EUW1,EMERALD,EMERALD,III,52,2026-10-09T15:58:42.881089+00:00,16.20.824.8524,9,BOTTOM,Jhin,False
EUW1_8006584291,i_woyoNd_ZDAH1mXNObb7SnEXoUaWXNN5JlfakUrNkBREAjX9dAse0GM3GPAx4BDlkLS3IBnN7h6nQ,EUW1,EUW1,EMERALD,EMERALD,III,52,2026-10-09T15:58:44.744436+00:00,16.20.824.8524,9,BOTTOM,Ashe,False
EUW1_8006542822,i_woyoNd_ZDAH1mXNObb7SnEXoUaWXNN5JlfakUrNkBREAjX9dAse0GM3GPAx4BDlkLS3IBnN7h6nQ,EUW1,EUW1,EMERALD,EMERALD,III,52,2026-10-09T15:58:46.882980+00:00,16.20.824.8524,4,BOTTOM,Aphelios,True
EUW1_8005876225,i_woyoNd_ZDAH1mXNObb7SnEXoUaWXNN5JlfakUrNkBREAjX9dAse0GM3GPAx4BDlkLS3IBnN7h6nQ,EUW1,EUW1,EMERALD,EMERALD,III,52,2026-10-09T15:58:49.020764+00:00,16.19.823.722,9,BOTTOM,Jinx,False
EUW1_7708252896,S60K0ewn5tRzDKboO8RrCo5eoYj387mAW33cMSe3_qqWSmaBqZvYtHNCc2bUuWK-k8EYbGDlTLTEUA,EUW1,EUW1,EMERALD,EMERALD,IV,36,2026-10-09T15:58:50.857670+00:00,16.2.741.3171,9,BOTTOM,Caitlyn,False
EUW1_7708213974,S60K0ewn5tRzDKboO8RrCo5eoYj387mAW33cMSe3_qqWSmaBqZvYtHNCc2bUuWK-k8EYbGDlTLTEUA,EUW1,EUW1,EMERALD,EMERALD,IV,36,2026-10-09T15:59:15.730184+00:00,16.2.741.3171,4,BOTTOM,Aphelios,True
EUW1_7708193487,S60K0ewn5tRzDKboO8RrCo5eoYj387mAW33cMSe3_qqWSmaBqZvYtHNCc2bUuWK-k8EYbGDlTLTEUA,EUW1,EUW1,EMERALD,EMERALD,IV,36,2026-10-09T15:59:17.840613+00:00,16.2.741.3171,4,BOTTOM,Jinx,True
EUW1_7707315057,S60K0ewn5tRzDKboO8RrCo5eoYj387mAW33cMSe3_qqWSmaBqZvYtHNCc2bUuWK-k8EYbGDlTLTEUA,EUW1,EUW1,EMERALD,EMERALD,IV,36,2026-10-09T15:59:20.037270+00:00,16.2.741.3171,4,BOTTOM,Aphelios,True
EUW1_7703444229,S60K0ewn5tRzDKboO8RrCo5eoYj387mAW33cMSe3_qqWSmaBqZvYtHNCc2bUuWK-k8EYbGDlTLTEUA,EUW1,EUW1,EMERALD,EMERALD,IV,36,2026-10-09T15:59:22.344654+00:00,16.2.740.1491,9,BOTTOM,Jinx,False
EUW1_7897028640,aHaKkrmjNlGaYhvCB-N2A2c1BJVnLCYR6MbPfk9srAs0jV6ZJrvg7OKp27dApJQ-z72PToM2XvNR4w,EUW1,EUW1,EMERALD,EMERALD,I,75,2026-10-09T15:59:24.801955+00:00,16.12.788.4269,6,TOP,Shen,True
EUW1_7896919406,aHaKkrmjNlGaYhvCB-N2A2c1BJVnLCYR6MbPfk9srAs0jV6ZJrvg7OKp27dApJQ-z72PToM2XvNR4w,EUW1,EUW1,EMERALD,EMERALD,I,75,2026-10-09T15:59:27.389195+00:00,16.12.788.4269,6,TOP,Shen,True
EUW1_7896848455,aHaKkrmjNlGaYhvCB-N2A2c1BJVnLCYR6MbPfk9srAs0jV6ZJrvg7OKp27dApJQ-z72PToM2XvNR4w,EUW1,EUW1,EMERALD,EMERALD,I,75,2026-10-09T15:59:29.695577+00:00,16.12.788.4269,1,TOP,Shen,True
EUW1_7896819058,aHaKkrmjNlGaYhvCB-N2A2c1BJVnLCYR6MbPfk9srAs0jV6ZJrvg7OKp27dApJQ-z72PToM2XvNR4w,EUW1,EUW1,EMERALD,EMERALD,I,75,2026-10-09T15:59:31.414923+00:00,16.12.788.4269,6,TOP,Shen,False
EUW1_7895944529,aHaKkrmjNlGaYhvCB-N2A2c1BJVnLCYR6MbPfk9srAs0jV6ZJrvg7OKp27dApJQ-z72PToM2XvNR4w,EUW1,EUW1,EMERALD,EMERALD,I,75,2026-10-09T15:59:33.742815+00:00,16.12.788.4269,1,TOP,Garen,True
EUW1_8001916369,69u3vVpq-WbFpcJwq3lhjMiEPumQD036BIOBk74bgcLNAWs-5GTqggkeD-MjFs0pa3_EnrDaxwpk7A,EUW1,EUW1,EMERALD,EMERALD,II,81,2026-10-09T15:59:36.309539+00:00,16.19.823.722,10,UTILITY,Blitzcrank,True
EUW1_8000916748,69u3vVpq-WbFpcJwq3lhjMiEPumQD036BIOBk74bgcLNAWs-5GTqggkeD-MjFs0pa3_EnrDaxwpk7A,EUW1,EUW1,EMERALD,EMERALD,II,81,2026-10-09T15:59:38.534849+00:00,16.19.823.722,10,UTILITY,Blitzcrank,True
EUW1_8000841227,69u3vVpq-WbFpcJwq3lhjMiEPumQD036BIOBk74bgcLNAWs-5GTqggkeD-MjFs0pa3_EnrDaxwpk7A,EUW1,EUW1,EMERALD,EMERALD,II,81,2026-10-09T15:59:40.940265+00:00,16.19.823.722,5,UTILITY,Blitzcrank,True
EUW1_8000713733,69u3vVpq-WbFpcJwq3lhjMiEPumQD036BIOBk74bgcLNAWs-5GTqggkeD-MjFs0pa3_EnrDaxwpk7A,EUW1,EUW1,EMERALD,EMERALD,II,81,2026-10-09T15:59:43.370959+00:00,16.19.823.722,10,UTILITY,Thresh,False
EUW1_8000665301,69u3vVpq-WbFpcJwq3lhjMiEPumQD036BIOBk74bgcLNAWs-5GTqggkeD-MjFs0pa3_EnrDaxwpk7A,EUW1,EUW1,EMERALD,EMERALD,II,81,2026-10-09T15:59:45.564331+00:00,16.19.823.722,10,UTILITY,Blitzcrank,True
EUW1_7985436432,JnizaXX9ieq_MsE6-u9xBlbuiM077POzF9YAkOi5FZzY5iY14_dHI7eWPMDZ1Uya8bZFt05BgOenlQ,EUW1,EUW1,EMERALD,EMERALD,III,13,2026-10-09T15:59:48.142538+00:00,16.18.817.5716,10,UTILITY,TahmKench,False
EUW1_7961186928,JnizaXX9ieq_MsE6-u9xBlbuiM077POzF9YAkOi5FZzY5iY14_dHI7eWPMDZ1Uya8bZFt05BgOenlQ,EUW1,EUW1,EMERALD,EMERALD,III,13,2026-10-09T15:59:50.352306+00:00,16.16.804.9184,6,TOP,Warwick,False
EUW1_7961141230,JnizaXX9ieq_MsE6-u9xBlbuiM077POzF9YAkOi5FZzY5iY14_dHI7eWPMDZ1Uya8bZFt05BgOenlQ,EUW1,EUW1,EMERALD,EMERALD,III,13,2026-10-09T15:59:52.733635+00:00,16.16.804.9184,6,TOP,Warwick,False
EUW1_7961088953,JnizaXX9ieq_MsE6-u9xBlbuiM077POzF9YAkOi5FZzY5iY14_dHI7eWPMDZ1Uya8bZFt05BgOenlQ,EUW1,EUW1,EMERALD,EMERALD,III,13,2026-10-09T15:59:55.160382+00:00,16.16.804.9184,6,TOP,Warwick,True
EUW1_7960699080,JnizaXX9ieq_MsE6-u9xBlbuiM077POzF9YAkOi5FZzY5iY14_dHI7eWPMDZ1Uya8bZFt05BgOenlQ,EUW1,EUW1,EMERALD,EMERALD,III,13,2026-10-09T15:59:57.484272+00:00,16.16.804.9184,1,TOP,Warwick,True
EUW1_8004786361,i6akEICelLEtCbvcan3hXTPP_n5RNXRszlMi0U7wh-vkNMwGC4a_uW4B91NX3-eqtV5_kxTU37efmw,EUW1,EUW1,EMERALD,EMERALD,IV,37,2026-10-09T15:59:59.730105+00:00,16.19.823.722,4,BOTTOM,Viktor,True
EUW1_8004651819,i6akEICelLEtCbvcan3hXTPP_n5RNXRszlMi0U7wh-vkNMwGC4a_uW4B91NX3-eqtV5_kxTU37efmw,EUW1,EUW1,EMERALD,EMERALD,IV,37,2026-10-09T16:00:01.831434+00:00,16.19.823.722,6,TOP,Zilean,False
EUW1_8004579432,i6akEICelLEtCbvcan3hXTPP_n5RNXRszlMi0U7wh-vkNMwGC4a_uW4B91NX3-eqtV5_kxTU37efmw,EUW1,EUW1,EMERALD,EMERALD,IV,37,2026-10-09T16:00:04.128884+00:00,16.19.823.722,6,TOP,Zilean,False
EUW1_8003310173,i6akEICelLEtCbvcan3hXTPP_n5RNXRszlMi0U7wh-vkNMwGC4a_uW4B91NX3-eqtV5_kxTU37efmw,EUW1,EUW1,EMERALD,EMERALD,IV,37,2026-10-09T16:00:06.395573+00:00,16.19.823.722,1,TOP,Zilean,False
EUW1_8003263257,i6akEICelLEtCbvcan3hXTPP_n5RNXRszlMi0U7wh-vkNMwGC4a_uW4B91NX3-eqtV5_kxTU37efmw,EUW1,EUW1,EMERALD,EMERALD,IV,37,2026-10-09T16:00:08.714965+00:00,16.19.823.722,1,TOP,Zilean,True
EUW1_7915733579,EEkcHHPkYXeYoFxFwgJXFZ8tnN6VdrTFAi5h_Nbhlh5MnYYVIH8eTiHkyhCI9qbRovgIcFQBWxz6Dg,EUW1,EUW1,EMERALD,EMERALD,I,75,2026-10-09T16:00:10.987661+00:00,16.13.791.5903,4,BOTTOM,Sivir,False
EUW1_7913411736,EEkcHHPkYXeYoFxFwgJXFZ8tnN6VdrTFAi5h_Nbhlh5MnYYVIH8eTiHkyhCI9qbRovgIcFQBWxz6Dg,EUW1,EUW1,EMERALD,EMERALD,I,75,2026-10-09T16:00:13.077562+00:00,16.13.791.5903,10,UTILITY,Pyke,False
EUW1_7912484409,EEkcHHPkYXeYoFxFwgJXFZ8tnN6VdrTFAi5h_Nbhlh5MnYYVIH8eTiHkyhCI9qbRovgIcFQBWxz6Dg,EUW1,EUW1,EMERALD,EMERALD,I,75,2026-10-09T16:00:15.377278+00:00,16.13.791.5903,9,BOTTOM,Kaisa,True
EUW1_7912427326,EEkcHHPkYXeYoFxFwgJXFZ8tnN6VdrTFAi5h_Nbhlh5MnYYVIH8eTiHkyhCI9qbRovgIcFQBWxz6Dg,EUW1,EUW1,EMERALD,EMERALD,I,75,2026-10-09T16:00:17.552702+00:00,16.13.791.5903,4,BOTTOM,Lucian,True
EUW1_7912426800,EEkcHHPkYXeYoFxFwgJXFZ8tnN6VdrTFAi5h_Nbhlh5MnYYVIH8eTiHkyhCI9qbRovgIcFQBWxz6Dg,EUW1,EUW1,EMERALD,EMERALD,I,75,2026-10-09T16:00:18.887606+00:00,16.13.791.5903,9,BOTTOM,Sivir,True
EUW1_7928096275,kFcWsz6sfi3vSk9cn804mti-2MM8l6uPChV0937zz6OOGA9vFlWxdNJwvAsL20sFYmd6agz9S2RZBg,EUW1,EUW1,EMERALD,EMERALD,II,57,2026-10-09T16:00:21.710279+00:00,16.14.794.9266,8,MIDDLE,Ryze,True
EUW1_7866365428,kFcWsz6sfi3vSk9cn804mti-2MM8l6uPChV0937zz6OOGA9vFlWxdNJwvAsL20sFYmd6agz9S2RZBg,EUW1,EUW1,EMERALD,EMERALD,II,57,2026-10-09T16:00:24.061084+00:00,16.10.776.5552,1,TOP,Renekton,True
EUW1_7862432501,kFcWsz6sfi3vSk9cn804mti-2MM8l6uPChV0937zz6OOGA9vFlWxdNJwvAsL20sFYmd6agz9S2RZBg,EUW1,EUW1,EMERALD,EMERALD,II,57,2026-10-09T16:00:25.807616+00:00,16.10.776.5552,6,TOP,Garen,True
EUW1_7862387346,kFcWsz6sfi3vSk9cn804mti-2MM8l6uPChV0937zz6OOGA9vFlWxdNJwvAsL20sFYmd6agz9S2RZBg,EUW1,EUW1,EMERALD,EMERALD,II,57,2026-10-09T16:00:27.870869+00:00,16.10.776.5552,1,TOP,Garen,True
EUW1_7860823197,kFcWsz6sfi3vSk9cn804mti-2MM8l6uPChV0937zz6OOGA9vFlWxdNJwvAsL20sFYmd6agz9S2RZBg,EUW1,EUW1,EMERALD,EMERALD,II,57,2026-10-09T16:00:30.070425+00:00,16.10.776.5552,6,TOP,Malphite,True
EUW1_8004657486,qLXUDeW2BlLMA0Fny9LoACY1iOx6U9PmsZUQBR1rX5Y1DHuJnMrasqFKJMbs1gtnou9vDtF3_GaAmQ,EUW1,EUW1,EMERALD,EMERALD,III,20,2026-10-09T16:00:32.783683+00:00,16.19.823.722,1,TOP,Sion,False
EUW1_8004599446,qLXUDeW2BlLMA0Fny9LoACY1iOx6U9PmsZUQBR1rX5Y1DHuJnMrasqFKJMbs1gtnou9vDtF3_GaAmQ,EUW1,EUW1,EMERALD,EMERALD,III,20,2026-10-09T16:00:35.063116+00:00,16.19.823.722,1,TOP,Kayle,True
EUW1_8004014239,qLXUDeW2BlLMA0Fny9LoACY1iOx6U9PmsZUQBR1rX5Y1DHuJnMrasqFKJMbs1gtnou9vDtF3_GaAmQ,EUW1,EUW1,EMERALD,EMERALD,III,20,2026-10-09T16:00:38.044771+00:00,16.19.823.722,6,TOP,Chogath,False
EUW1_8003893514,qLXUDeW2BlLMA0Fny9LoACY1iOx6U9PmsZUQBR1rX5Y1DHuJnMrasqFKJMbs1gtnou9vDtF3_GaAmQ,EUW1,EUW1,EMERALD,EMERALD,III,20,2026-10-09T16:00:40.167680+00:00,16.19.823.722,6,TOP,Irelia,True
EUW1_7987936689,qLXUDeW2BlLMA0Fny9LoACY1iOx6U9PmsZUQBR1rX5Y1DHuJnMrasqFKJMbs1gtnou9vDtF3_GaAmQ,EUW1,EUW1,EMERALD,EMERALD,III,20,2026-10-09T16:00:42.740783+00:00,16.18.817.5716,2,JUNGLE,Zyra,True
EUW1_8006354707,eeIbKm2lrnlSgzh4a_8iSLaaaHikKbFxRJPDcSdxmljpfYuhEUXcmxWOjQWREuWQYOA8IUDHdrxMjw,EUW1,EUW1,EMERALD,EMERALD,IV,87,2026-10-09T16:00:44.916238+00:00,16.20.824.8524,8,MIDDLE,Anivia,True
EUW1_8006318269,eeIbKm2lrnlSgzh4a_8iSLaaaHikKbFxRJPDcSdxmljpfYuhEUXcmxWOjQWREuWQYOA8IUDHdrxMjw,EUW1,EUW1,EMERALD,EMERALD,IV,87,2026-10-09T16:00:46.936380+00:00,16.20.824.8524,3,MIDDLE,Anivia,True
EUW1_8006303792,eeIbKm2lrnlSgzh4a_8iSLaaaHikKbFxRJPDcSdxmljpfYuhEUXcmxWOjQWREuWQYOA8IUDHdrxMjw,EUW1,EUW1,EMERALD,EMERALD,IV,87,2026-10-09T16:00:49.052991+00:00,16.20.824.8524,8,MIDDLE,Anivia,False
EUW1_8006244245,eeIbKm2lrnlSgzh4a_8iSLaaaHikKbFxRJPDcSdxmljpfYuhEUXcmxWOjQWREuWQYOA8IUDHdrxMjw,EUW1,EUW1,EMERALD,EMERALD,IV,87,2026-10-09T16:00:51.363401+00:00,16.20.824.8524,5,UTILITY,Braum,True
EUW1_8005311712,eeIbKm2lrnlSgzh4a_8iSLaaaHikKbFxRJPDcSdxmljpfYuhEUXcmxWOjQWREuWQYOA8IUDHdrxMjw,EUW1,EUW1,EMERALD,EMERALD,IV,87,2026-10-09T16:00:53.773449+00:00,16.19.823.722,6,TOP,Ryze,False
EUW1_7960321572,-s6SbiYYpLgFsjry_jt-Ozd5Dn1_rZyIIZOFygAYzgQtCo_lt9BHUE0AW1eK3kCj-L_7pUuoJLKnuQ,EUW1,EUW1,EMERALD,EMERALD,I,75,2026-10-09T16:00:55.922656+00:00,16.16.804.9184,4,BOTTOM,Sivir,False
EUW1_7960305174,-s6SbiYYpLgFsjry_jt-Ozd5Dn1_rZyIIZOFygAYzgQtCo_lt9BHUE0AW1eK3kCj-L_7pUuoJLKnuQ,EUW1,EUW1,EMERALD,EMERALD,I,75,2026-10-09T16:01:16.411814+00:00,16.16.804.9184,2,JUNGLE,Belveth,False
EUW1_7960316688,-s6SbiYYpLgFsjry_jt-Ozd5Dn1_rZyIIZOFygAYzgQtCo_lt9BHUE0AW1eK3kCj-L_7pUuoJLKnuQ,EUW1,EUW1,EMERALD,EMERALD,I,75,2026-10-09T16:01:17.710666+00:00,16.16.804.9184,9,BOTTOM,Viktor,True
EUW1_7956695941,-s6SbiYYpLgFsjry_jt-Ozd5Dn1_rZyIIZOFygAYzgQtCo_lt9BHUE0AW1eK3kCj-L_7pUuoJLKnuQ,EUW1,EUW1,EMERALD,EMERALD,I,75,2026-10-09T16:01:19.947482+00:00,16.16.804.9184,2,JUNGLE,Belveth,False
EUW1_7950111944,-s6SbiYYpLgFsjry_jt-Ozd5Dn1_rZyIIZOFygAYzgQtCo_lt9BHUE0AW1eK3kCj-L_7pUuoJLKnuQ,EUW1,EUW1,EMERALD,EMERALD,I,75,2026-10-09T16:01:22.450164+00:00,16.16.804.9184,2,JUNGLE,Hecarim,True
EUW1_7924110931,KJiQ95NB3HHRM2ssPV3EHv26Tq9wLTmNs5ayKRegaE1KczgYZhBtoy9iyc2hNdpnaq_9Ws3woRpNoA,EUW1,EUW1,EMERALD,EMERALD,II,80,2026-10-09T16:01:25.284125+00:00,16.14.794.5912,10,UTILITY,Seraphine,False
EUW1_7924099757,KJiQ95NB3HHRM2ssPV3EHv26Tq9wLTmNs5ayKRegaE1KczgYZhBtoy9iyc2hNdpnaq_9Ws3woRpNoA,EUW1,EUW1,EMERALD,EMERALD,II,80,2026-10-09T16:01:27.276512+00:00,16.14.794.5912,5,UTILITY,Senna,True
EUW1_7916461821,KJiQ95NB3HHRM2ssPV3EHv26Tq9wLTmNs5ayKRegaE1KczgYZhBtoy9iyc2hNdpnaq_9Ws3woRpNoA,EUW1,EUW1,EMERALD,EMERALD,II,80,2026-10-09T16:01:29.640836+00:00,16.13.791.5903,5,UTILITY,Senna,True
EUW1_7916415839,KJiQ95NB3HHRM2ssPV3EHv26Tq9wLTmNs5ayKRegaE1KczgYZhBtoy9iyc2hNdpnaq_9Ws3woRpNoA,EUW1,EUW1,EMERALD,EMERALD,II,80,2026-10-09T16:01:31.715709+00:00,16.13.791.5903,5,UTILITY,Milio,False
EUW1_7906522185,KJiQ95NB3HHRM2ssPV3EHv26Tq9wLTmNs5ayKRegaE1KczgYZhBtoy9iyc2hNdpnaq_9Ws3woRpNoA,EUW1,EUW1,EMERALD,EMERALD,II,80,2026-10-09T16:01:33.641872+00:00,16.13.791.5903,5,UTILITY,Senna,True
EUW1_7975429988,5C38l4oWfFkQpUmJCkyBxxJ0BG60amucH8dkKNoDh52vUowupZZihki8dTuTGcR7_P_UMU6YbZUiLg,EUW1,EUW1,EMERALD,EMERALD,III,37,2026-10-09T16:01:36.420121+00:00,16.17.810.4348,4,BOTTOM,Caitlyn,False
EUW1_7975256701,5C38l4oWfFkQpUmJCkyBxxJ0BG60amucH8dkKNoDh52vUowupZZihki8dTuTGcR7_P_UMU6YbZUiLg,EUW1,EUW1,EMERALD,EMERALD,III,37,2026-10-09T16:01:38.657753+00:00,16.17.810.4348,5,UTILITY,Lulu,False
EUW1_7975194573,5C38l4oWfFkQpUmJCkyBxxJ0BG60amucH8dkKNoDh52vUowupZZihki8dTuTGcR7_P_UMU6YbZUiLg,EUW1,EUW1,EMERALD,EMERALD,III,37,2026-10-09T16:01:40.824369+00:00,16.17.810.4348,5,UTILITY,Nami,False
EUW1_7969929479,5C38l4oWfFkQpUmJCkyBxxJ0BG60amucH8dkKNoDh52vUowupZZihki8dTuTGcR7_P_UMU6YbZUiLg,EUW1,EUW1,EMERALD,EMERALD,III,37,2026-10-09T16:01:42.932603+00:00,16.17.810.4348,5,UTILITY,Nami,False
EUW1_7967800345,5C38l4oWfFkQpUmJCkyBxxJ0BG60amucH8dkKNoDh52vUowupZZihki8dTuTGcR7_P_UMU6YbZUiLg,EUW1,EUW1,EMERALD,EMERALD,III,37,2026-10-09T16:01:45.189461+00:00,16.17.810.4348,5,UTILITY,Nami,True
EUW1_7908633883,shG1ViiIx6tEqJAnUUQYNAL6ZTkKgk0nz4RljbVFmMvkLDJUJYbe1omqvVTmsNNZl77nQ3HcgLH4Ag,EUW1,EUW1,EMERALD,EMERALD,IV,83,2026-10-09T16:01:47.570570+00:00,16.13.791.5903,3,MIDDLE,Anivia,False
EUW1_7907044053,shG1ViiIx6tEqJAnUUQYNAL6ZTkKgk0nz4RljbVFmMvkLDJUJYbe1omqvVTmsNNZl77nQ3HcgLH4Ag,EUW1,EUW1,EMERALD,EMERALD,IV,83,2026-10-09T16:01:49.849774+00:00,16.13.791.5903,10,UTILITY,Senna,False
EUW1_7907040573,shG1ViiIx6tEqJAnUUQYNAL6ZTkKgk0nz4RljbVFmMvkLDJUJYbe1omqvVTmsNNZl77nQ3HcgLH4Ag,EUW1,EUW1,EMERALD,EMERALD,IV,83,2026-10-09T16:01:51.944534+00:00,16.13.791.5903,10,UTILITY,Janna,False
EUW1_7902870365,shG1ViiIx6tEqJAnUUQYNAL6ZTkKgk0nz4RljbVFmMvkLDJUJYbe1omqvVTmsNNZl77nQ3HcgLH4Ag,EUW1,EUW1,EMERALD,EMERALD,IV,83,2026-10-09T16:01:54.486791+00:00,16.13.791.5903,5,UTILITY,Thresh,True
EUW1_7902818956,shG1ViiIx6tEqJAnUUQYNAL6ZTkKgk0nz4RljbVFmMvkLDJUJYbe1omqvVTmsNNZl77nQ3HcgLH4Ag,EUW1,EUW1,EMERALD,EMERALD,IV,83,2026-10-09T16:01:56.674740+00:00,16.13.791.5903,6,TOP,DrMundo,True
