rank_bucket_lower,role,metric,lower_sample_count,lower_confidence,lower_mean,lower_std,min_lower,lower_p10,lower_p25,lower_p50,lower_p75,lower_p90,lower_max,rank_bucket_higher,higher_sample_count,higher_confidence,higher_mean,higher_std,min_higher,higher_p10,higher_p25,higher_p50,higher_p75,higher_p90,higher_max,lower_rank,higher_rank,median_difference,median_percent_change,p75_difference,comparison_confidence
GOLD,BOTTOM,gold_at_10,45,LOW,3312.0,452.817,2178.0,2843.4,3030.0,3248.0,3632.0,3917.2,4282.0,PLATINUM,42,LOW,3393.9524,602.3188,2547.0,2645.2,2931.75,3336.5,3707.25,3952.3,5034.0,GOLD,PLATINUM,88.5,2.724753694581281,75.25,LOW
GOLD,BOTTOM,xp_at_10,45,LOW,2974.4222,362.1541,2230.0,2516.6,2786.0,2958.0,3180.0,3429.2,3768.0,PLATINUM,42,LOW,3020.5,307.2824,2493.0,2634.1,2826.25,3029.0,3219.0,3442.1,3823.0,GOLD,PLATINUM,71.0,2.4002704530087895,39.0,LOW
GOLD,BOTTOM,cs_at_10,45,LOW,61.5556,11.0814,32.0,48.4,55.0,64.0,69.0,73.6,84.0,PLATINUM,42,LOW,64.6667,10.9046,47.0,54.0,56.0,64.5,69.75,78.8,93.0,GOLD,PLATINUM,0.5,0.78125,0.75,LOW
GOLD,BOTTOM,level_at_10,45,LOW,6.2,0.5477,5.0,6.0,6.0,6.0,7.0,7.0,7.0,PLATINUM,42,LOW,6.2857,0.4572,6.0,6.0,6.0,6.0,7.0,7.0,7.0,GOLD,PLATINUM,0.0,0.0,0.0,LOW
GOLD,BOTTOM,cs_per_min_at_10,45,LOW,6.1556,1.1081,3.2,4.84,5.5,6.4,6.9,7.36,8.4,PLATINUM,42,LOW,6.4667,1.0905,4.7,5.4,5.6,6.45,6.975,7.88,9.3,GOLD,PLATINUM,0.04999999999999982,0.7812499999999972,0.07499999999999929,LOW
GOLD,BOTTOM,gold_per_min_at_10,45,LOW,331.2,45.2817,217.8,284.34,303.0,324.8,363.2,391.72,428.2,PLATINUM,42,LOW,339.3952,60.2319,254.7,264.52,293.175,333.65,370.725,395.23,503.4,GOLD,PLATINUM,8.849999999999966,2.72475369458127,7.525000000000034,LOW
GOLD,BOTTOM,xp_per_min_at_10,45,LOW,297.4422,36.2154,223.0,251.66,278.6,295.8,318.0,342.92,376.8,PLATINUM,42,LOW,302.05,30.7282,249.3,263.41,282.625,302.9,321.9,344.21,382.3,GOLD,PLATINUM,7.099999999999966,2.4002704530087784,3.8999999999999773,LOW
GOLD,BOTTOM,cs_per_min,45,LOW,6.7604,1.2283,4.0292,5.1253,5.8872,6.9013,7.6619,8.3557,9.3503,PLATINUM,42,LOW,7.0632,1.0456,4.7132,5.6718,6.3278,7.0568,7.7111,8.4576,9.5813,GOLD,PLATINUM,0.15549999999999997,2.253198672713836,0.04919999999999991,LOW
GOLD,BOTTOM,gold_per_min,45,LOW,465.6195,89.0987,292.9614,362.3019,407.7496,457.0656,540.507,576.134,717.5794,PLATINUM,42,LOW,476.4459,81.3796,330.6616,363.6117,411.2996,466.4091,546.9258,577.6735,632.0574,GOLD,PLATINUM,9.343500000000006,2.0442361009010535,6.418800000000033,LOW
GOLD,BOTTOM,kills,45,LOW,7.9333,4.9836,1.0,2.0,4.0,7.0,11.0,15.0,25.0,PLATINUM,42,LOW,8.4048,5.1469,0.0,2.1,5.0,8.0,11.75,14.9,20.0,GOLD,PLATINUM,1.0,14.285714285714285,0.75,LOW
GOLD,BOTTOM,deaths,45,LOW,7.1778,3.531,0.0,2.0,6.0,7.0,9.0,12.0,14.0,PLATINUM,42,LOW,6.8333,3.1306,2.0,3.0,5.0,7.0,8.0,10.9,17.0,GOLD,PLATINUM,0.0,0.0,-1.0,LOW
GOLD,BOTTOM,assists,45,LOW,7.0889,3.9302,0.0,2.0,4.0,6.0,10.0,12.6,15.0,PLATINUM,42,LOW,6.8571,4.0639,1.0,2.1,4.0,6.0,9.75,11.0,19.0,GOLD,PLATINUM,0.0,0.0,-0.25,LOW
GOLD,BOTTOM,kda,45,LOW,3.7837,5.6001,0.111,0.7002,1.0,2.333,3.083,6.7668,27.0,PLATINUM,42,LOW,2.5938,1.6631,0.333,0.875,1.3145,2.3305,3.2855,4.49,8.667,GOLD,PLATINUM,-0.002500000000000391,-0.1071581654522242,0.20249999999999968,LOW
GOLD,JUNGLE,gold_at_10,19,VERY_LOW,3448.9474,552.7435,2576.0,2780.4,2927.5,3433.0,3907.5,4186.6,4229.0,PLATINUM,39,LOW,3498.4359,414.0059,2772.0,2988.6,3114.0,3599.0,3806.0,4017.4,4218.0,GOLD,PLATINUM,166.0,4.835420914651908,-101.5,VERY_LOW
GOLD,JUNGLE,xp_at_10,19,VERY_LOW,3161.3684,434.3941,2179.0,2737.4,2806.0,3213.0,3530.0,3685.2,3801.0,PLATINUM,39,LOW,3349.2821,372.1633,2748.0,2915.0,3095.0,3321.0,3587.5,3827.6,4206.0,GOLD,PLATINUM,108.0,3.361344537815126,57.5,VERY_LOW
GOLD,JUNGLE,cs_at_10,19,VERY_LOW,54.5263,9.8847,39.0,42.2,46.5,56.0,61.5,68.0,70.0,PLATINUM,39,LOW,59.8718,8.7965,44.0,50.4,53.5,59.0,66.0,72.2,79.0,GOLD,PLATINUM,3.0,5.357142857142857,4.5,VERY_LOW
GOLD,JUNGLE,level_at_10,19,VERY_LOW,6.4737,0.6118,5.0,6.0,6.0,7.0,7.0,7.0,7.0,PLATINUM,39,LOW,6.6667,0.5774,6.0,6.0,6.0,7.0,7.0,7.0,8.0,GOLD,PLATINUM,0.0,0.0,0.0,VERY_LOW
GOLD,JUNGLE,cs_per_min_at_10,19,VERY_LOW,5.4526,0.9885,3.9,4.22,4.65,5.6,6.15,6.8,7.0,PLATINUM,39,LOW,5.9872,0.8796,4.4,5.04,5.35,5.9,6.6,7.22,7.9,GOLD,PLATINUM,0.3000000000000007,5.35714285714287,0.4499999999999993,VERY_LOW
GOLD,JUNGLE,gold_per_min_at_10,19,VERY_LOW,344.8947,55.2744,257.6,278.04,292.75,343.3,390.75,418.66,422.9,PLATINUM,39,LOW,349.8436,41.4006,277.2,298.86,311.4,359.9,380.6,401.74,421.8,GOLD,PLATINUM,16.599999999999966,4.835420914651898,-10.149999999999977,VERY_LOW
GOLD,JUNGLE,xp_per_min_at_10,19,VERY_LOW,316.1368,43.4394,217.9,273.74,280.6,321.3,353.0,368.52,380.1,PLATINUM,39,LOW,334.9282,37.2163,274.8,291.5,309.5,332.1,358.75,382.76,420.6,GOLD,PLATINUM,10.800000000000011,3.361344537815129,5.75,VERY_LOW
GOLD,JUNGLE,cs_per_min,19,VERY_LOW,6.5255,1.1964,3.5141,5.4014,5.6591,6.6434,7.3839,7.9044,8.4268,PLATINUM,39,LOW,6.516,1.0741,2.8868,5.3311,6.0646,6.5201,7.0622,7.5243,8.8353,GOLD,PLATINUM,-0.12329999999999952,-1.8559773609898473,-0.3216999999999999,VERY_LOW
GOLD,JUNGLE,gold_per_min,19,VERY_LOW,440.5645,92.9228,275.833,335.4513,412.3432,426.8712,492.0509,544.446,663.5821,PLATINUM,39,LOW,445.1607,79.2173,233.3801,359.6381,384.9859,447.6142,500.884,539.6594,609.6565,GOLD,PLATINUM,20.742999999999995,4.859311192697,8.833100000000002,VERY_LOW
GOLD,JUNGLE,kills,19,VERY_LOW,7.8947,6.3499,0.0,1.0,2.5,7.0,11.5,17.0,22.0,PLATINUM,39,LOW,7.9744,4.8258,2.0,2.0,4.0,7.0,11.0,14.0,24.0,GOLD,PLATINUM,0.0,0.0,-0.5,VERY_LOW
GOLD,JUNGLE,deaths,19,VERY_LOW,6.6842,3.9448,1.0,1.0,4.5,7.0,9.5,11.4,14.0,PLATINUM,39,LOW,5.9487,3.2359,0.0,1.8,4.0,6.0,8.0,10.2,13.0,GOLD,PLATINUM,-1.0,-14.285714285714285,-1.5,VERY_LOW
GOLD,JUNGLE,assists,19,VERY_LOW,7.8947,4.5203,0.0,2.8,5.0,7.0,11.0,12.8,17.0,PLATINUM,39,LOW,8.8462,4.2645,0.0,4.8,6.0,8.0,11.5,15.0,20.0,GOLD,PLATINUM,1.0,14.285714285714285,0.5,VERY_LOW
GOLD,JUNGLE,kda,19,VERY_LOW,4.3017,5.2473,0.0,0.9714,1.303,2.1,4.2915,10.6,19.0,PLATINUM,39,LOW,4.6537,5.5105,0.545,1.225,1.775,2.667,4.5335,12.1,28.0,GOLD,PLATINUM,0.5669999999999997,26.999999999999986,0.242,VERY_LOW
GOLD,MIDDLE,gold_at_10,41,LOW,3303.2683,706.2711,2330.0,2638.0,2951.0,3099.0,3610.0,3815.0,6211.0,PLATINUM,30,LOW,3405.9333,492.9034,2728.0,2809.7,3139.75,3330.0,3602.0,3743.8,5024.0,GOLD,PLATINUM,231.0,7.454017424975799,-8.0,LOW
GOLD,MIDDLE,xp_at_10,41,LOW,4285.2683,476.9497,3061.0,3704.0,4057.0,4423.0,4600.0,4720.0,5196.0,PLATINUM,30,LOW,4394.3667,416.3394,3390.0,3809.3,4119.75,4451.5,4597.75,4868.2,5301.0,GOLD,PLATINUM,28.5,0.6443590323309971,-2.25,LOW
GOLD,MIDDLE,cs_at_10,41,LOW,63.1463,9.7994,28.0,56.0,60.0,64.0,69.0,71.0,83.0,PLATINUM,30,LOW,66.8,13.5504,38.0,48.6,60.25,66.5,74.0,84.1,99.0,GOLD,PLATINUM,2.5,3.90625,5.0,LOW
GOLD,MIDDLE,level_at_10,41,LOW,7.7561,0.5823,6.0,7.0,7.0,8.0,8.0,8.0,9.0,PLATINUM,30,LOW,7.8333,0.4611,7.0,7.0,8.0,8.0,8.0,8.0,9.0,GOLD,PLATINUM,0.0,0.0,0.0,LOW
GOLD,MIDDLE,cs_per_min_at_10,41,LOW,6.3146,0.9799,2.8,5.6,6.0,6.4,6.9,7.1,8.3,PLATINUM,30,LOW,6.68,1.355,3.8,4.86,6.025,6.65,7.4,8.41,9.9,GOLD,PLATINUM,0.25,3.90625,0.5,LOW
GOLD,MIDDLE,gold_per_min_at_10,41,LOW,330.3268,70.6271,233.0,263.8,295.1,309.9,361.0,381.5,621.1,PLATINUM,30,LOW,340.5933,49.2903,272.8,280.97,313.975,333.0,360.2,374.38,502.4,GOLD,PLATINUM,23.100000000000023,7.454017424975806,-0.8000000000000114,LOW
GOLD,MIDDLE,xp_per_min_at_10,41,LOW,428.5268,47.695,306.1,370.4,405.7,442.3,460.0,472.0,519.6,PLATINUM,30,LOW,439.4367,41.6339,339.0,380.93,411.975,445.15,459.775,486.82,530.1,GOLD,PLATINUM,2.849999999999966,0.6443590323309893,-0.22500000000002274,LOW
GOLD,MIDDLE,cs_per_min,41,LOW,6.7424,1.0232,4.3499,5.4865,5.9905,6.7733,7.4987,7.972,8.8741,PLATINUM,30,LOW,7.2399,1.2115,5.3229,5.811,6.1277,7.1366,8.2076,8.5,10.3365,GOLD,PLATINUM,0.36329999999999973,5.363707498560521,0.708899999999999,LOW
GOLD,MIDDLE,gold_per_min,41,LOW,425.3323,103.0504,275.3096,327.7904,364.4342,408.5324,445.4065,516.4319,770.3955,PLATINUM,30,LOW,438.313,85.1449,339.6817,361.5814,376.8019,419.5079,464.7654,501.2682,670.4889,GOLD,PLATINUM,10.975500000000011,2.6865678217933295,19.358900000000006,LOW
GOLD,MIDDLE,kills,41,LOW,8.6585,7.2719,0.0,3.0,4.0,7.0,12.0,13.0,34.0,PLATINUM,30,LOW,8.2667,5.7352,2.0,3.9,4.0,7.0,10.0,16.1,26.0,GOLD,PLATINUM,0.0,0.0,-2.0,LOW
GOLD,MIDDLE,deaths,41,LOW,6.8537,3.3879,1.0,2.0,5.0,7.0,9.0,11.0,15.0,PLATINUM,30,LOW,6.9333,2.2118,1.0,4.0,6.0,7.0,8.0,9.1,12.0,GOLD,PLATINUM,0.0,0.0,-1.0,LOW
GOLD,MIDDLE,assists,41,LOW,6.8537,4.0222,0.0,3.0,4.0,6.0,9.0,11.0,18.0,PLATINUM,30,LOW,7.3333,4.7658,1.0,2.9,4.0,7.0,10.5,12.3,22.0,GOLD,PLATINUM,1.0,16.666666666666664,1.5,LOW
GOLD,MIDDLE,kda,41,LOW,3.6414,4.2052,0.091,1.0,1.167,2.0,3.714,10.0,20.0,PLATINUM,30,LOW,2.8557,3.1349,0.667,1.1125,1.333,1.9375,3.598,4.1,18.0,GOLD,PLATINUM,-0.0625,-3.125,-0.1160000000000001,LOW
GOLD,TOP,gold_at_10,39,LOW,3077.9744,533.0343,2109.0,2459.2,2709.0,2986.0,3380.0,3798.2,4110.0,PLATINUM,27,LOW,3359.2963,790.6817,2188.0,2505.2,2747.5,3172.0,3752.5,4443.0,5075.0,GOLD,PLATINUM,186.0,6.22906898861353,372.5,LOW
GOLD,TOP,xp_at_10,39,LOW,4235.8462,543.0187,2478.0,3742.6,3940.0,4232.0,4520.0,4737.4,5590.0,PLATINUM,27,LOW,4364.9259,663.8665,3400.0,3627.8,3870.5,4227.0,4646.5,5210.4,6053.0,GOLD,PLATINUM,-5.0,-0.11814744801512288,126.5,LOW
GOLD,TOP,cs_at_10,39,LOW,58.0256,12.012,27.0,43.8,51.0,57.0,64.5,74.2,82.0,PLATINUM,27,LOW,60.7407,13.6765,38.0,45.0,51.0,61.0,69.0,77.4,94.0,GOLD,PLATINUM,4.0,7.017543859649122,4.5,LOW
GOLD,TOP,level_at_10,39,LOW,7.6923,0.6551,6.0,7.0,7.0,8.0,8.0,8.0,9.0,PLATINUM,27,LOW,7.7778,0.698,7.0,7.0,7.0,8.0,8.0,9.0,9.0,GOLD,PLATINUM,0.0,0.0,0.0,LOW
GOLD,TOP,cs_per_min_at_10,39,LOW,5.8026,1.2012,2.7,4.38,5.1,5.7,6.45,7.42,8.2,PLATINUM,27,LOW,6.0741,1.3676,3.8,4.5,5.1,6.1,6.9,7.74,9.4,GOLD,PLATINUM,0.39999999999999947,7.017543859649113,0.4500000000000002,LOW
GOLD,TOP,gold_per_min_at_10,39,LOW,307.7974,53.3034,210.9,245.92,270.9,298.6,338.0,379.82,411.0,PLATINUM,27,LOW,335.9296,79.0682,218.8,250.52,274.75,317.2,375.25,444.3,507.5,GOLD,PLATINUM,18.599999999999966,6.229068988613518,37.25,LOW
GOLD,TOP,xp_per_min_at_10,39,LOW,423.5846,54.3019,247.8,374.26,394.0,423.2,452.0,473.74,559.0,PLATINUM,27,LOW,436.4926,66.3866,340.0,362.78,387.05,422.7,464.65,521.04,605.3,GOLD,PLATINUM,-0.5,-0.11814744801512288,12.649999999999977,LOW
GOLD,TOP,cs_per_min,39,LOW,6.5665,1.2065,4.2089,5.1725,5.6894,6.3474,7.3495,8.2395,9.373,PLATINUM,27,LOW,7.2642,1.3818,5.1076,5.527,6.1196,7.2721,8.0874,8.9756,10.1699,GOLD,PLATINUM,0.9246999999999996,14.568169644263786,0.7379000000000007,LOW
GOLD,TOP,gold_per_min,39,LOW,406.1947,70.5508,283.0116,320.3209,360.1362,401.3921,439.6731,474.6989,588.915,PLATINUM,27,LOW,440.0985,118.0831,277.6672,296.9997,335.6183,448.8106,519.148,556.8881,698.1231,GOLD,PLATINUM,47.418499999999995,11.813511028243951,79.47490000000005,LOW
GOLD,TOP,kills,39,LOW,6.2564,4.6776,0.0,1.0,3.0,5.0,10.0,12.4,19.0,PLATINUM,27,LOW,7.4074,5.9437,0.0,0.6,2.5,7.0,11.5,13.8,21.0,GOLD,PLATINUM,2.0,40.0,1.5,LOW
GOLD,TOP,deaths,39,LOW,6.5128,3.6697,0.0,2.0,4.5,6.0,8.5,12.0,15.0,PLATINUM,27,LOW,7.2222,3.0298,1.0,4.0,5.0,6.0,9.0,11.4,15.0,GOLD,PLATINUM,0.0,0.0,0.5,LOW
GOLD,TOP,assists,39,LOW,5.2821,3.4789,0.0,1.0,2.5,5.0,7.0,11.2,12.0,PLATINUM,27,LOW,4.3333,3.1986,0.0,1.0,2.0,4.0,5.5,8.8,12.0,GOLD,PLATINUM,-1.0,-20.0,-1.5,LOW
GOLD,TOP,kda,39,LOW,2.5277,2.6748,0.143,0.6878,1.0,1.6,2.909,5.0,15.0,PLATINUM,27,LOW,2.4616,3.9364,0.0,0.3464,0.6665,1.5,2.8335,4.0668,21.0,GOLD,PLATINUM,-0.10000000000000009,-6.250000000000005,-0.0754999999999999,LOW
GOLD,UTILITY,gold_at_10,52,MEDIUM,2525.6731,377.1463,2037.0,2129.5,2236.5,2451.5,2677.75,3100.6,3491.0,PLATINUM,55,MEDIUM,2572.6,438.5396,1917.0,2039.0,2202.0,2485.0,2892.0,3108.6,3903.0,GOLD,PLATINUM,33.5,1.366510299816439,214.25,MEDIUM
GOLD,UTILITY,xp_at_10,52,MEDIUM,2522.1923,331.1631,1767.0,2102.3,2324.5,2509.0,2776.25,2882.8,3342.0,PLATINUM,55,MEDIUM,2525.1818,328.6872,1685.0,2147.4,2290.5,2499.0,2736.0,2966.0,3241.0,GOLD,PLATINUM,-10.0,-0.3985651654045437,-40.25,MEDIUM
GOLD,UTILITY,cs_at_10,52,MEDIUM,13.9231,4.6898,2.0,9.0,12.0,14.0,16.0,19.0,25.0,PLATINUM,55,MEDIUM,12.7636,4.4304,2.0,8.0,10.0,12.0,15.0,18.0,25.0,GOLD,PLATINUM,-2.0,-14.285714285714285,-1.0,MEDIUM
GOLD,UTILITY,level_at_10,52,MEDIUM,5.6346,0.5611,5.0,5.0,5.0,6.0,6.0,6.0,7.0,PLATINUM,55,MEDIUM,5.5818,0.5673,4.0,5.0,5.0,6.0,6.0,6.0,7.0,GOLD,PLATINUM,0.0,0.0,0.0,MEDIUM
GOLD,UTILITY,cs_per_min_at_10,52,MEDIUM,1.3923,0.469,0.2,0.9,1.2,1.4,1.6,1.9,2.5,PLATINUM,55,MEDIUM,1.2764,0.443,0.2,0.8,1.0,1.2,1.5,1.8,2.5,GOLD,PLATINUM,-0.19999999999999996,-14.285714285714283,-0.10000000000000009,MEDIUM
GOLD,UTILITY,gold_per_min_at_10,52,MEDIUM,252.5673,37.7146,203.7,212.95,223.65,245.15,267.775,310.06,349.1,PLATINUM,55,MEDIUM,257.26,43.854,191.7,203.9,220.2,248.5,289.2,310.86,390.3,GOLD,PLATINUM,3.3499999999999943,1.3665102998164365,21.42500000000001,MEDIUM
GOLD,UTILITY,xp_per_min_at_10,52,MEDIUM,252.2192,33.1163,176.7,210.23,232.45,250.9,277.625,288.28,334.2,PLATINUM,55,MEDIUM,252.5182,32.8687,168.5,214.74,229.05,249.9,273.6,296.6,324.1,GOLD,PLATINUM,-1.0,-0.3985651654045437,-4.024999999999977,MEDIUM
GOLD,UTILITY,cs_per_min,52,MEDIUM,1.5337,0.7658,0.1177,0.8168,1.072,1.3308,1.776,2.6451,4.2449,PLATINUM,55,MEDIUM,1.1683,0.5422,0.1968,0.6333,0.8216,0.9693,1.4633,1.9383,2.9478,GOLD,PLATINUM,-0.36149999999999993,-27.164111812443636,-0.3127,MEDIUM
GOLD,UTILITY,gold_per_min,52,MEDIUM,318.5172,42.9504,234.1351,266.4873,289.729,316.9796,342.8148,376.4335,416.0667,PLATINUM,55,MEDIUM,314.7784,53.2812,227.1935,256.3371,277.2005,311.2605,341.8577,384.0421,474.2111,GOLD,PLATINUM,-5.719100000000026,-1.8042486014872965,-0.9570999999999685,MEDIUM
GOLD,UTILITY,kills,52,MEDIUM,3.0577,2.7965,0.0,0.0,1.0,2.5,4.0,6.9,13.0,PLATINUM,55,MEDIUM,2.6545,3.2273,0.0,0.0,1.0,1.0,4.0,6.6,14.0,GOLD,PLATINUM,-1.5,-60.0,0.0,MEDIUM
GOLD,UTILITY,deaths,52,MEDIUM,6.5385,3.545,0.0,3.0,4.0,6.0,8.0,12.9,14.0,PLATINUM,55,MEDIUM,6.8545,3.4449,0.0,3.0,4.0,7.0,9.0,10.6,16.0,GOLD,PLATINUM,1.0,16.666666666666664,1.0,MEDIUM
GOLD,UTILITY,assists,52,MEDIUM,12.4423,6.2948,2.0,4.1,7.75,12.0,17.25,20.9,27.0,PLATINUM,55,MEDIUM,14.5273,7.221,2.0,5.8,9.0,14.0,20.0,22.6,34.0,GOLD,PLATINUM,2.0,16.666666666666664,2.75,MEDIUM
GOLD,UTILITY,kda,52,MEDIUM,3.1668,2.4276,0.571,0.9432,1.5,2.167,4.5,6.225,11.0,PLATINUM,55,MEDIUM,3.2623,2.4914,0.5,1.0,1.65,2.333,4.0,6.4932,12.0,GOLD,PLATINUM,0.16600000000000037,7.660359944623922,-0.5,MEDIUM
