match_id,participant_id,puuid,game_version,champion_id,role,lane,level_at_10,current_gold_at_10,total_gold_at_10,xp_at_10,lane_cs_at_10,jungle_cs_at_10,total_cs_at_10,team_gold_at_10,opponent_gold_at_10,team_gold_difference_at_10,team_xp_at_10,opponent_xp_at_10,team_xp_difference_at_10,team_cs_at_10,opponent_cs_at_10,team_cs_difference_at_10,win
EUW1_7954667315,1,q3-29VEIIy_Hqh2Uq--xF3E5bR8Xjr6lTq0mt7sDfSm8-4PisLMrFpmyMcvk5kTcHMa4j5BRHTluBQ,16.16.804.9184,75,TOP,JUNGLE,7,190,2540,4058,59,0,59,13866.0,15420.0,-1554.0,17333.0,18521.0,-1188.0,229.0,261.0,-32.0,1
EUW1_7954667315,2,T8JUV5mIaSD3DUMgaYgAWP43M4m_tlVJtIfnr9lzNiclKBMPJRJJihXRAmKH0KNOoCwNRlehCgb5IQ,16.16.804.9184,33,JUNGLE,JUNGLE,6,282,3032,2824,0,52,52,13866.0,15420.0,-1554.0,17333.0,18521.0,-1188.0,229.0,261.0,-32.0,1
EUW1_7954667315,3,WOHO6GlDKLenJf4ZGJWRQoSwEOKvrk4oorMdoqGmLg8tSTeURfAycQQbPYmCRrct8As9fFUxt52Xig,16.16.804.9184,805,MIDDLE,MIDDLE,8,413,2813,4668,53,0,53,13866.0,15420.0,-1554.0,17333.0,18521.0,-1188.0,229.0,261.0,-32.0,1
EUW1_7954667315,4,gLPmnvNQ29OknDtSJ2ok84tXscrMKb2eUBLRR1fwDclJpYGXsgCutC50Og50EBOxFiOPH_ARRMDeLA,16.16.804.9184,910,BOTTOM,BOTTOM,6,327,2757,2817,55,0,55,13866.0,15420.0,-1554.0,17333.0,18521.0,-1188.0,229.0,261.0,-32.0,1
EUW1_7954667315,5,pt0GNsjkQxNSRAsDiNPbMWwu9zxkDJ65CHS15LAzAWlnUcbOgu6ymDO35TngGOEANVdX5hLXltaYXA,16.16.804.9184,800,UTILITY,BOTTOM,6,474,2724,2966,10,0,10,13866.0,15420.0,-1554.0,17333.0,18521.0,-1188.0,229.0,261.0,-32.0,1
EUW1_7954667315,6,kRiPeVVw7Ov6XFmvhTGM92D92VTv3XFE_t7dcQIPcjYSpWIFvFPKSAXrx55s9yUogXAcBi87t-WTtQ,16.16.804.9184,777,TOP,JUNGLE,9,2508,4208,5402,79,0,79,15420.0,13866.0,1554.0,18521.0,17333.0,1188.0,261.0,229.0,32.0,0
EUW1_7954667315,7,8tvK-4OrvphhJTEdYbMh84Fk7trNpTViUfKvFd8U2Uf-JgozlUvL8UVuNGW0dTOr2JZfNdoRmTeRNw,16.16.804.9184,29,JUNGLE,JUNGLE,7,1032,3057,3495,0,67,67,15420.0,13866.0,1554.0,18521.0,17333.0,1188.0,261.0,229.0,32.0,0
EUW1_7954667315,8,Sj4KXs7EcIrXcU0T-JMaWvJ2z18G-93TC68dvh3I_qAg6rppAoJuqZ9RoeHuSkhHwuRFZa3ZG9XiAw,16.16.804.9184,63,MIDDLE,MIDDLE,8,239,3239,4598,64,0,64,15420.0,13866.0,1554.0,18521.0,17333.0,1188.0,261.0,229.0,32.0,0
EUW1_7954667315,9,fi6kgFqY881TVFrAWCG9dxelgnbK24TBjOIsgvjQxJKHGDsWDva7_5XaRE1-l6NHJhiwLlIJLdsCHA,16.16.804.9184,54,BOTTOM,BOTTOM,6,24,2574,2624,39,0,39,15420.0,13866.0,1554.0,18521.0,17333.0,1188.0,261.0,229.0,32.0,0
EUW1_7954667315,10,XtwLSVqOIUEN0BZyvkfrKoj1D58B0rkz35QGksIJzikkewBiCngl1-kI-HkM-NEJbaYBJtR01L6Aow,16.16.804.9184,150,UTILITY,BOTTOM,6,192,2342,2402,12,0,12,15420.0,13866.0,1554.0,18521.0,17333.0,1188.0,261.0,229.0,32.0,0
EUW1_7920122678,1,n5gji0YcdbfgstOYywaUzAFG31niU7PQ3vdq2O7R41EksLpCRX85qrTQUogM55mc9atkVe7iXy4VMg,16.14.794.5912,36,TOP,JUNGLE,8,174,2474,4289,50,0,50,15836.0,15469.0,367.0,16323.0,16029.0,294.0,228.0,241.0,-13.0,1
EUW1_7920122678,2,jBVo7CZZOXeEsJLP2ug7NED6orCQFmw8nkS9ZseSuAVTBXu5RvgF21S9bifFR0Ac3ViFKPACN20xuA,16.14.794.5912,9,JUNGLE,JUNGLE,7,2311,3461,3258,0,60,60,15836.0,15469.0,367.0,16323.0,16029.0,294.0,228.0,241.0,-13.0,1
EUW1_7920122678,3,aSpiFddPsPt-MmpfXWRYTjqKE4MDOox8Y2uSWoer0EOTNCwa9PmfAWAvA0bYmItrBe9F-UimHjRm6g,16.14.794.5912,63,MIDDLE,MIDDLE,7,37,3387,3999,65,0,65,15836.0,15469.0,367.0,16323.0,16029.0,294.0,228.0,241.0,-13.0,1
EUW1_7920122678,4,Gdd71DZd39-YieW_08NbMRX1pcllgxdNOYFpDghlsoPXbkXaF7j6WHc8hHmwJBT6IAdtMfMUpho4fQ,16.14.794.5912,145,BOTTOM,MIDDLE,6,248,3423,2499,45,0,45,15836.0,15469.0,367.0,16323.0,16029.0,294.0,228.0,241.0,-13.0,1
EUW1_7920122678,5,EJIrC_GFyfC1ZD2JrumOcys9Ho3spJFU4RK6osAQLE7RUuUYAn-x-eRpgK1PWMVYESk6jOqiC2ju6A,16.14.794.5912,111,UTILITY,BOTTOM,5,91,3091,2278,8,0,8,15836.0,15469.0,367.0,16323.0,16029.0,294.0,228.0,241.0,-13.0,1
EUW1_7920122678,6,DpDM6ULPpEox01wmPnyDaQ94DF1mENGvxEj1CTzInE3PLEW4-RyiJ96-fo42OTS3SCaDsjKJ8SyEvw,16.14.794.5912,83,TOP,TOP,8,168,2918,4408,67,0,67,15469.0,15836.0,-367.0,16029.0,16323.0,-294.0,241.0,228.0,13.0,0
EUW1_7920122678,7,Sj4KXs7EcIrXcU0T-JMaWvJ2z18G-93TC68dvh3I_qAg6rppAoJuqZ9RoeHuSkhHwuRFZa3ZG9XiAw,16.14.794.5912,62,JUNGLE,JUNGLE,6,263,3313,2455,0,44,44,15469.0,15836.0,-367.0,16029.0,16323.0,-294.0,241.0,228.0,13.0,0
EUW1_7920122678,8,XAIkyeVVpaVLFIyvU9ry4f9xcaAYa3qrtgZ0rEOzv5t-eymuY2BltOUyD_Y7NO6HM29klXi9BXlMDw,16.14.794.5912,13,MIDDLE,MIDDLE,7,48,2998,3911,56,0,56,15469.0,15836.0,-367.0,16029.0,16323.0,-294.0,241.0,228.0,13.0,0
EUW1_7920122678,9,22OuJbpk21Zvsh8GKmp-f8e8TpK-vAeypAz9FzBpkeARNkb7AByd5f-3CQCAqGo80Y4S_G0Ji0rlRw,16.14.794.5912,81,BOTTOM,TOP,6,475,3725,2917,53,0,53,15469.0,15836.0,-367.0,16029.0,16323.0,-294.0,241.0,228.0,13.0,0
EUW1_7920122678,10,qWlJBAL6e8FPjLf8b_0Ui9YnGBhPgFfWkipHI4SlHeN8IylFLcdbkX9ddJH7UsO8UKbumNvUByodVg,16.14.794.5912,53,UTILITY,BOTTOM,5,65,2515,2338,21,0,21,15469.0,15836.0,-367.0,16029.0,16323.0,-294.0,241.0,228.0,13.0,0
EUW1_7920092848,1,rV5yYmPHWvNCL3SkspqY3WvcaQIRz8SQkUNuQeRt69xXrNXRQXt3TWH0cL1H3CiSKSo6UteQW12OrA,16.14.794.5912,75,TOP,JUNGLE,8,1464,3064,4715,84,0,84,15417.0,15464.0,-47.0,17268.0,18593.0,-1325.0,268.0,279.0,-11.0,0
EUW1_7920092848,2,2kgiSfhzw2KPMkf-wWHvbd8qah7OYXCF5wsvyAVsQBQC0VKQQkCsSYEdtAlfGlzVnNjSQfkVmWL-Fw,16.14.794.5912,35,JUNGLE,JUNGLE,6,898,2898,3116,1,58,59,15417.0,15464.0,-47.0,17268.0,18593.0,-1325.0,268.0,279.0,-11.0,0
EUW1_7920092848,3,Sj4KXs7EcIrXcU0T-JMaWvJ2z18G-93TC68dvh3I_qAg6rppAoJuqZ9RoeHuSkhHwuRFZa3ZG9XiAw,16.14.794.5912,777,MIDDLE,MIDDLE,7,84,2884,3829,66,0,66,15417.0,15464.0,-47.0,17268.0,18593.0,-1325.0,268.0,279.0,-11.0,0
EUW1_7920092848,4,22OuJbpk21Zvsh8GKmp-f8e8TpK-vAeypAz9FzBpkeARNkb7AByd5f-3CQCAqGo80Y4S_G0Ji0rlRw,16.14.794.5912,81,BOTTOM,BOTTOM,6,752,3652,2885,55,0,55,15417.0,15464.0,-47.0,17268.0,18593.0,-1325.0,268.0,279.0,-11.0,0
EUW1_7920092848,5,Tls8kCSJRJgOuPbiuRtKeeAgVGqgUu0nsowIngJNXMLRzpkjjaNrX--MgfIdOVeE65yCmfdD6mFbgQ,16.14.794.5912,147,UTILITY,BOTTOM,6,544,2919,2723,4,0,4,15417.0,15464.0,-47.0,17268.0,18593.0,-1325.0,268.0,279.0,-11.0,0
EUW1_7920092848,6,hMj-qwjyte8UDwzzXJ5VPXV6Cu6rCp7JKHo5lMs-_UA1p32aYb-2Kf0-gQxlf7CgUiwSOzUOXm7bYQ,16.14.794.5912,14,TOP,JUNGLE,8,834,3059,4653,79,0,79,15464.0,15417.0,47.0,18593.0,17268.0,1325.0,279.0,268.0,11.0,1
EUW1_7920092848,7,JBMYxhPvbB_m4PGFe5eZ9Otduw5ZnwJB_ZjeW5CCg_tJ-LU84V3bq8FiY2vZffLOGYQfRY_rEDocag,16.14.794.5912,805,JUNGLE,JUNGLE,6,651,2856,3068,1,57,58,15464.0,15417.0,47.0,18593.0,17268.0,1325.0,279.0,268.0,11.0,1
EUW1_7920092848,8,6hyvZIU_kS8XfVLrsUIpa2zdhAWI5jz-n-jUbIjcMp711qZEtXl96B6BsmjJRa6U6g1zt2kZZ-wc3w,16.14.794.5912,5,MIDDLE,MIDDLE,8,866,3166,4883,54,0,54,15464.0,15417.0,47.0,18593.0,17268.0,1325.0,279.0,268.0,11.0,1
EUW1_7920092848,9,S7sg3W9n4kc0ZuyQY5pvMOiqBeZWJMnRG516Wliy2CeXdA5bWNz8QfHMi6bMUE8EVVfIuIegy8p_Yw,16.14.794.5912,22,BOTTOM,BOTTOM,6,1146,3721,3173,69,0,69,15464.0,15417.0,47.0,18593.0,17268.0,1325.0,279.0,268.0,11.0,1
EUW1_7920092848,10,ZN5xUSTFOD0zcN95GxKGj57b8UDNKhtWQhgMYfzrIRIZJkkjW13r1z6h60NZ3_V_YMowikryi5XMwQ,16.14.794.5912,517,UTILITY,BOTTOM,6,607,2662,2816,19,0,19,15464.0,15417.0,47.0,18593.0,17268.0,1325.0,279.0,268.0,11.0,1
EUW1_7914594013,1,4KKD1bvaiHn5-D3m7K8QiUaWEV1pO0QB-g-CH2LtVD_Q3Qfzl076QFTYq555zQvlJQ5rVxJyxUBk3w,16.13.791.5903,266,TOP,JUNGLE,8,237,2862,4247,56,0,56,15332.0,16167.0,-835.0,16678.0,17424.0,-746.0,215.0,257.0,-42.0,1
EUW1_7914594013,2,Sj4KXs7EcIrXcU0T-JMaWvJ2z18G-93TC68dvh3I_qAg6rppAoJuqZ9RoeHuSkhHwuRFZa3ZG9XiAw,16.13.791.5903,234,JUNGLE,JUNGLE,6,1260,3735,3140,1,48,49,15332.0,16167.0,-835.0,16678.0,17424.0,-746.0,215.0,257.0,-42.0,1
EUW1_7914594013,3,US0L8ajATfCEi8Qok0uH7gUOXBly2jphLBktmAcSV4mSK_pDO60w9gPbakqz4ctD7WH_HWvZcP4yqw,16.13.791.5903,800,MIDDLE,MIDDLE,7,90,3080,3678,54,0,54,15332.0,16167.0,-835.0,16678.0,17424.0,-746.0,215.0,257.0,-42.0,1
EUW1_7914594013,4,22OuJbpk21Zvsh8GKmp-f8e8TpK-vAeypAz9FzBpkeARNkb7AByd5f-3CQCAqGo80Y4S_G0Ji0rlRw,16.13.791.5903,18,BOTTOM,BOTTOM,6,573,2973,2860,47,0,47,15332.0,16167.0,-835.0,16678.0,17424.0,-746.0,215.0,257.0,-42.0,1
EUW1_7914594013,5,Z9jeoPTOiZfpWCjyrkHcW9MDOMRYXyrfPmemHZq_08Y_mDxdmiHp0BdYmP1uRbNfXclHETqT47lO4Q,16.13.791.5903,555,UTILITY,BOTTOM,6,477,2682,2753,9,0,9,15332.0,16167.0,-835.0,16678.0,17424.0,-746.0,215.0,257.0,-42.0,1
EUW1_7914594013,6,eiVRUOVgaL3ekkMmSyWNPf6wti1CML3Fs1IjOm6bc0adiYc16y5tisyn6vyNgXOWzzQnGEKgB_ACJw,16.13.791.5903,83,TOP,JUNGLE,8,347,3097,4132,59,0,59,16167.0,15332.0,835.0,17424.0,16678.0,746.0,257.0,215.0,42.0,0
EUW1_7914594013,7,8lWFpqUnliYaEQgFncCkdmhzkqo90x8ZIoigiawalRplal-a4-xLx9Q2QODJXU1PSePw6Gqcdh379A,16.13.791.5903,11,JUNGLE,JUNGLE,7,1539,3839,3601,0,63,63,16167.0,15332.0,835.0,17424.0,16678.0,746.0,257.0,215.0,42.0,0
EUW1_7914594013,8,E3AjWSAPJoy1ktcE_n15ImCwFpsNHrJI9ARAG1WPUV_sBiUR3dnribM57Re8ii_B3My2euJ_JrpwWA,16.13.791.5903,13,MIDDLE,MIDDLE,8,1016,3216,4470,68,0,68,16167.0,15332.0,835.0,17424.0,16678.0,746.0,257.0,215.0,42.0,0
EUW1_7914594013,9,0JQnZunD6ULVjWsCzPkM8vukl1_HsoKfp_rEuSPiyE_HBiEJqcP6R0No4EfEZE1Wi0v7ixpRvAFl3w,16.13.791.5903,202,BOTTOM,BOTTOM,6,593,3443,3020,60,0,60,16167.0,15332.0,835.0,17424.0,16678.0,746.0,257.0,215.0,42.0,0
EUW1_7914594013,10,4MTWw8z7q-C4ftnLbWHC7hN5S8fO7Vlp-sSLvFSL1etWEUXtuMFpanCflMLgjul726gb6M7x9X06Mg,16.13.791.5903,161,UTILITY,BOTTOM,5,717,2572,2201,7,0,7,16167.0,15332.0,835.0,17424.0,16678.0,746.0,257.0,215.0,42.0,0
EUW1_7914545261,1,adDj2aPybZ7hQXkN1NrjifNF0_RUguWSqObVVKUMuoFoCdiAMVyxziPyHXjIXnyZL8d8jmnCChy3sQ,16.13.791.5903,54,TOP,JUNGLE,8,37,2937,4216,47,0,47,16222.0,15035.0,1187.0,17472.0,17151.0,321.0,267.0,274.0,-7.0,0
EUW1_7914545261,2,q9_VlXTBJNfeaHur-0lyPxSvJJ-L1cgnEIFfVV8YHwUhVs2UKfAvBvUBYc3Fkr9UwOfD6AA4MEv9Jg,16.13.791.5903,9,JUNGLE,JUNGLE,7,1199,3399,3715,7,64,71,16222.0,15035.0,1187.0,17472.0,17151.0,321.0,267.0,274.0,-7.0,0
EUW1_7914545261,3,Sj4KXs7EcIrXcU0T-JMaWvJ2z18G-93TC68dvh3I_qAg6rppAoJuqZ9RoeHuSkhHwuRFZa3ZG9XiAw,16.13.791.5903,90,MIDDLE,TOP,8,652,3257,4232,69,0,69,16222.0,15035.0,1187.0,17472.0,17151.0,321.0,267.0,274.0,-7.0,0
EUW1_7914545261,4,22OuJbpk21Zvsh8GKmp-f8e8TpK-vAeypAz9FzBpkeARNkb7AByd5f-3CQCAqGo80Y4S_G0Ji0rlRw,16.13.791.5903,18,BOTTOM,BOTTOM,7,26,3626,3457,69,0,69,16222.0,15035.0,1187.0,17472.0,17151.0,321.0,267.0,274.0,-7.0,0
EUW1_7914545261,5,hILttwv3czydisAtnr76X8Z8f6vb6bnAouvk0gPfDvS5gpVHJq0vE6qEp0_ppzuOhKoe30rXKZQaGw,16.13.791.5903,53,UTILITY,BOTTOM,5,428,3003,1852,11,0,11,16222.0,15035.0,1187.0,17472.0,17151.0,321.0,267.0,274.0,-7.0,0
EUW1_7914545261,6,gxr1mY7zfehHSKj8PtQ2qNWKbNNK6jt7Xs4aOuLlFvq_zZHuPMShHlBRzb-ahSl-KVdIQX0C8-R-ag,16.13.791.5903,27,TOP,JUNGLE,8,96,3346,4584,87,0,87,15035.0,16222.0,-1187.0,17151.0,17472.0,-321.0,274.0,267.0,7.0,1
EUW1_7914545261,7,hoKygJMDgyGBOAz-sEkGicOrmu0Mr9WUXCSHFUJArCawto1MBg2jL7gCm0N_T1z2bD_Bm0G7BJR5Xg,16.13.791.5903,805,JUNGLE,JUNGLE,6,32,2712,2740,1,48,49,15035.0,16222.0,-1187.0,17151.0,17472.0,-321.0,274.0,267.0,7.0,1
EUW1_7914545261,8,UAyiSq_vMHqcJ7S0EOPPByp_ovcvHR9IdEO6T6B50uHeWxwjHOeXfGltAFts_qM3LBfmu_kIX5e6rQ,16.13.791.5903,134,MIDDLE,MIDDLE,8,806,3511,4433,62,0,62,15035.0,16222.0,-1187.0,17151.0,17472.0,-321.0,274.0,267.0,7.0,1
EUW1_7914545261,9,GXEq4Hcu3mb8dVk_-45Tyt_yzvAOYpFiid4FBat6Ts_uBJWsmOQyrYkbqnytUeCm8xFukEntRBcdrg,16.13.791.5903,51,BOTTOM,JUNGLE,6,1361,3161,3047,62,0,62,15035.0,16222.0,-1187.0,17151.0,17472.0,-321.0,274.0,267.0,7.0,1
EUW1_7914545261,10,_eRmV2uhd7BBNEfcflaC3ySglpayn6W11BdZ-kEqzqxwy7v1E3i3bpsSrKzcVVSCOzQgb3R-wKsBFg,16.13.791.5903,555,UTILITY,BOTTOM,5,805,2305,2347,14,0,14,15035.0,16222.0,-1187.0,17151.0,17472.0,-321.0,274.0,267.0,7.0,1
