role,metric,gold_p50,platinum_p50,emerald_p50,diamond_p50,gold_n,platinum_n,emerald_n,diamond_n,overall_direction,absolute_change,percent_change,monotonicity_score,direction_changes,trajectory_confidence,trend_strength
BOTTOM,kills,7.0,8.0,7.0,4.0,45,42,53,30,DECREASING,-3.0,-42.857142857142854,0.6666666666666666,1,LOW,28.57142857142857
BOTTOM,kda,2.333,2.3305,1.875,1.7855,45,42,53,30,DECREASING,-0.5475000000000001,-23.467638234033437,1.0,0,LOW,23.467638234033437
BOTTOM,cs_per_min,6.9013,7.0568,7.2953,8.2434,45,42,53,30,INCREASING,1.3420999999999994,19.447060698708928,1.0,0,LOW,19.447060698708928
BOTTOM,cs_at_10,64.0,64.5,67.0,72.5,45,42,53,30,INCREASING,8.5,13.28125,1.0,0,LOW,13.28125
BOTTOM,cs_per_min_at_10,6.4,6.45,6.7,7.25,45,42,53,30,INCREASING,0.8499999999999996,13.281249999999995,1.0,0,LOW,13.281249999999995
BOTTOM,deaths,7.0,7.0,7.0,5.0,45,42,53,30,DECREASING,-2.0,-28.57142857142857,0.3333333333333333,0,LOW,9.523809523809522
BOTTOM,xp_at_10,2958.0,3029.0,3103.0,3163.0,45,42,53,30,INCREASING,205.0,6.930358350236647,1.0,0,LOW,6.930358350236647
BOTTOM,xp_per_min_at_10,295.8,302.9,310.3,316.3,45,42,53,30,INCREASING,20.5,6.930358350236646,1.0,0,LOW,6.930358350236646
BOTTOM,assists,6.0,6.0,5.0,5.5,45,42,53,30,DECREASING,-0.5,-8.333333333333332,0.3333333333333333,1,LOW,2.7777777777777772
BOTTOM,gold_per_min_at_10,324.8,333.65,332.7,331.1,45,42,53,30,INCREASING,6.300000000000011,1.9396551724137967,0.6666666666666666,1,LOW,1.2931034482758643
BOTTOM,gold_at_10,3248.0,3336.5,3327.0,3311.0,45,42,53,30,INCREASING,63.0,1.9396551724137931,0.6666666666666666,1,LOW,1.293103448275862
BOTTOM,gold_per_min,457.0656,466.4091,487.4052,464.5817,45,42,53,30,INCREASING,7.5160999999999945,1.64442478278829,0.6666666666666666,1,LOW,1.0962831885255266
BOTTOM,level_at_10,6.0,6.0,6.0,6.0,45,42,53,30,FLAT,0.0,0.0,0.0,0,LOW,0.0
JUNGLE,assists,7.0,8.0,7.0,6.0,19,39,16,17,DECREASING,-1.0,-14.285714285714285,0.6666666666666666,1,VERY_LOW,9.523809523809522
JUNGLE,cs_per_min_at_10,5.6,5.9,6.5,6.2,19,39,16,17,INCREASING,0.6000000000000005,10.714285714285724,0.6666666666666666,1,VERY_LOW,7.1428571428571495
JUNGLE,cs_at_10,56.0,59.0,65.0,62.0,19,39,16,17,INCREASING,6.0,10.714285714285714,0.6666666666666666,1,VERY_LOW,7.142857142857142
JUNGLE,kda,2.1,2.667,2.75,1.917,19,39,16,17,DECREASING,-0.18300000000000005,-8.714285714285715,0.6666666666666666,1,VERY_LOW,5.80952380952381
JUNGLE,kills,7.0,7.0,7.0,6.0,19,39,16,17,DECREASING,-1.0,-14.285714285714285,0.3333333333333333,0,VERY_LOW,4.761904761904761
JUNGLE,xp_at_10,3213.0,3321.0,3473.5,3397.0,19,39,16,17,INCREASING,184.0,5.726735138499844,0.6666666666666666,1,VERY_LOW,3.8178234256665626
JUNGLE,xp_per_min_at_10,321.3,332.1,347.35,339.7,19,39,16,17,INCREASING,18.399999999999977,5.726735138499837,0.6666666666666666,1,VERY_LOW,3.8178234256665577
JUNGLE,cs_per_min,6.6434,6.5201,6.8337,6.3329,19,39,16,17,DECREASING,-0.31049999999999933,-4.67381160249269,0.6666666666666666,2,VERY_LOW,3.1158744016617934
JUNGLE,gold_per_min,426.8712,447.6142,431.8469,406.9329,19,39,16,17,DECREASING,-19.93829999999997,-4.670799997751071,0.6666666666666666,1,VERY_LOW,3.1138666651673805
JUNGLE,gold_at_10,3433.0,3599.0,3352.5,3499.0,19,39,16,17,INCREASING,66.0,1.9225167491989512,0.6666666666666666,2,VERY_LOW,1.2816778327993008
JUNGLE,gold_per_min_at_10,343.3,359.9,335.25,349.9,19,39,16,17,INCREASING,6.599999999999966,1.9225167491989412,0.6666666666666666,2,VERY_LOW,1.2816778327992941
JUNGLE,deaths,7.0,6.0,5.0,7.0,19,39,16,17,FLAT,0.0,0.0,0.6666666666666666,1,VERY_LOW,0.0
JUNGLE,level_at_10,7.0,7.0,7.0,7.0,19,39,16,17,FLAT,0.0,0.0,0.0,0,VERY_LOW,0.0
MIDDLE,kda,2.0,1.9375,1.8445,2.625,41,30,32,35,INCREASING,0.625,31.25,0.6666666666666666,1,LOW,20.833333333333332
MIDDLE,assists,6.0,7.0,6.0,7.0,41,30,32,35,INCREASING,1.0,16.666666666666664,0.6666666666666666,2,LOW,11.111111111111109
MIDDLE,deaths,7.0,7.0,7.0,5.0,41,30,32,35,DECREASING,-2.0,-28.57142857142857,0.3333333333333333,0,LOW,9.523809523809522
MIDDLE,cs_per_min,6.7733,7.1366,7.1878,7.3684,41,30,32,35,INCREASING,0.5951000000000004,8.785968434884037,1.0,0,LOW,8.785968434884037
MIDDLE,cs_at_10,64.0,66.5,64.0,72.0,41,30,32,35,INCREASING,8.0,12.5,0.6666666666666666,2,LOW,8.333333333333332
MIDDLE,cs_per_min_at_10,6.4,6.65,6.4,7.2,41,30,32,35,INCREASING,0.7999999999999998,12.499999999999996,0.6666666666666666,2,LOW,8.33333333333333
MIDDLE,gold_per_min_at_10,309.9,333.0,324.3,340.1,41,30,32,35,INCREASING,30.200000000000045,9.745079057760583,0.6666666666666666,2,LOW,6.496719371840388
MIDDLE,gold_at_10,3099.0,3330.0,3243.0,3401.0,41,30,32,35,INCREASING,302.0,9.745079057760568,0.6666666666666666,2,LOW,6.496719371840379
MIDDLE,gold_per_min,408.5324,419.5079,401.0618,438.4288,41,30,32,35,INCREASING,29.89640000000003,7.3179997473884635,0.6666666666666666,2,LOW,4.878666498258975
MIDDLE,xp_at_10,4423.0,4451.5,4174.0,4458.0,41,30,32,35,INCREASING,35.0,0.7913181098801718,0.6666666666666666,2,LOW,0.5275454065867812
MIDDLE,xp_per_min_at_10,442.3,445.15,417.4,445.8,41,30,32,35,INCREASING,3.5,0.7913181098801718,0.6666666666666666,2,LOW,0.5275454065867812
MIDDLE,kills,7.0,7.0,5.5,7.0,41,30,32,35,FLAT,0.0,0.0,0.3333333333333333,1,LOW,0.0
MIDDLE,level_at_10,8.0,8.0,8.0,8.0,41,30,32,35,FLAT,0.0,0.0,0.0,0,LOW,0.0
TOP,kda,1.6,1.5,1.778,1.866,39,27,49,66,INCREASING,0.266,16.625,0.6666666666666666,1,LOW,11.083333333333332
TOP,cs_per_min,6.3474,7.2721,6.7636,7.3626,39,27,49,66,INCREASING,1.0151999999999992,15.99395027885432,0.6666666666666666,2,LOW,10.662633519236213
TOP,cs_per_min_at_10,5.7,6.1,5.9,6.4,39,27,49,66,INCREASING,0.7000000000000002,12.280701754385968,0.6666666666666666,2,LOW,8.187134502923978
TOP,cs_at_10,57.0,61.0,59.0,64.0,39,27,49,66,INCREASING,7.0,12.280701754385964,0.6666666666666666,2,LOW,8.187134502923975
TOP,kills,5.0,7.0,6.0,6.0,39,27,49,66,INCREASING,1.0,20.0,0.3333333333333333,1,LOW,6.666666666666666
TOP,gold_at_10,2986.0,3172.0,3131.0,3111.0,39,27,49,66,INCREASING,125.0,4.186202277294039,0.6666666666666666,1,LOW,2.7908015181960257
TOP,gold_per_min_at_10,298.6,317.2,313.1,311.1,39,27,49,66,INCREASING,12.5,4.186202277294038,0.6666666666666666,1,LOW,2.7908015181960253
TOP,gold_per_min,401.3921,448.8106,390.8504,412.0436,39,27,49,66,INCREASING,10.651499999999999,2.6536396705366143,0.6666666666666666,2,LOW,1.7690931136910761
TOP,xp_per_min_at_10,423.2,422.7,435.4,424.05,39,27,49,66,INCREASING,0.8500000000000227,0.20085066162571427,0.6666666666666666,2,LOW,0.1339004410838095
TOP,xp_at_10,4232.0,4227.0,4354.0,4240.5,39,27,49,66,INCREASING,8.5,0.2008506616257089,0.6666666666666666,2,LOW,0.13390044108380592
TOP,assists,5.0,4.0,7.0,5.0,39,27,49,66,FLAT,0.0,0.0,0.6666666666666666,2,LOW,0.0
TOP,deaths,6.0,6.0,6.0,6.0,39,27,49,66,FLAT,0.0,0.0,0.0,0,LOW,0.0
TOP,level_at_10,8.0,8.0,8.0,8.0,39,27,49,66,FLAT,0.0,0.0,0.0,0,LOW,0.0
UTILITY,kda,2.167,2.333,2.1,3.0,52,55,47,49,INCREASING,0.8330000000000002,38.44023996308261,0.6666666666666666,2,LOW,25.62682664205507
UTILITY,assists,12.0,14.0,12.0,16.0,52,55,47,49,INCREASING,4.0,33.33333333333333,0.6666666666666666,2,LOW,22.222222222222218
UTILITY,cs_per_min,1.3308,0.9693,1.1022,0.9693,52,55,47,49,DECREASING,-0.36149999999999993,-27.164111812443636,0.6666666666666666,2,LOW,18.10940787496242
UTILITY,cs_at_10,14.0,12.0,13.0,12.0,52,55,47,49,DECREASING,-2.0,-14.285714285714285,0.6666666666666666,2,LOW,9.523809523809522
UTILITY,cs_per_min_at_10,1.4,1.2,1.3,1.2,52,55,47,49,DECREASING,-0.19999999999999996,-14.285714285714283,0.6666666666666666,2,LOW,9.523809523809522
UTILITY,kills,2.5,1.0,2.0,2.0,52,55,47,49,DECREASING,-0.5,-20.0,0.3333333333333333,1,LOW,6.666666666666666
UTILITY,level_at_10,6.0,6.0,6.0,5.0,52,55,47,49,DECREASING,-1.0,-16.666666666666664,0.3333333333333333,0,LOW,5.5555555555555545
UTILITY,xp_at_10,2509.0,2499.0,2621.0,2368.0,52,55,47,49,DECREASING,-141.0,-5.619768832204065,0.6666666666666666,2,LOW,3.74651255480271
UTILITY,xp_per_min_at_10,250.9,249.9,262.1,236.8,52,55,47,49,DECREASING,-14.099999999999994,-5.6197688322040635,0.6666666666666666,2,LOW,3.7465125548027087
UTILITY,gold_per_min,316.9796,311.2605,311.1836,308.1,52,55,47,49,DECREASING,-8.879599999999982,-2.8013159206459917,1.0,0,LOW,2.8013159206459917
UTILITY,gold_at_10,2451.5,2485.0,2590.0,2549.0,52,55,47,49,INCREASING,97.5,3.9771568427493373,0.6666666666666666,1,LOW,2.6514378951662247
UTILITY,gold_per_min_at_10,245.15,248.5,259.0,254.9,52,55,47,49,INCREASING,9.75,3.977156842749337,0.6666666666666666,1,LOW,2.6514378951662243
UTILITY,deaths,6.0,7.0,6.0,6.0,52,55,47,49,FLAT,0.0,0.0,0.3333333333333333,1,LOW,0.0
