rank_bucket,role,metric,sample_count,confidence,mean,std,min,p10,p25,p50,p75,p90,max
GOLD,BOTTOM,gold_at_10,45,LOW,3312.0,452.817,2178.0,2843.4,3030.0,3248.0,3632.0,3917.2,4282.0
GOLD,BOTTOM,xp_at_10,45,LOW,2974.4222,362.1541,2230.0,2516.6,2786.0,2958.0,3180.0,3429.2,3768.0
GOLD,BOTTOM,cs_at_10,45,LOW,61.5556,11.0814,32.0,48.4,55.0,64.0,69.0,73.6,84.0
GOLD,BOTTOM,level_at_10,45,LOW,6.2,0.5477,5.0,6.0,6.0,6.0,7.0,7.0,7.0
GOLD,BOTTOM,cs_per_min_at_10,45,LOW,6.1556,1.1081,3.2,4.84,5.5,6.4,6.9,7.36,8.4
GOLD,BOTTOM,gold_per_min_at_10,45,LOW,331.2,45.2817,217.8,284.34,303.0,324.8,363.2,391.72,428.2
GOLD,BOTTOM,xp_per_min_at_10,45,LOW,297.4422,36.2154,223.0,251.66,278.6,295.8,318.0,342.92,376.8
GOLD,BOTTOM,cs_per_min,45,LOW,6.7604,1.2283,4.0292,5.1253,5.8872,6.9013,7.6619,8.3557,9.3503
GOLD,BOTTOM,gold_per_min,45,LOW,465.6195,89.0987,292.9614,362.3019,407.7496,457.0656,540.507,576.134,717.5794
GOLD,BOTTOM,kills,45,LOW,7.9333,4.9836,1.0,2.0,4.0,7.0,11.0,15.0,25.0
GOLD,BOTTOM,deaths,45,LOW,7.1778,3.531,0.0,2.0,6.0,7.0,9.0,12.0,14.0
GOLD,BOTTOM,assists,45,LOW,7.0889,3.9302,0.0,2.0,4.0,6.0,10.0,12.6,15.0
GOLD,BOTTOM,kda,45,LOW,3.7837,5.6001,0.111,0.7002,1.0,2.333,3.083,6.7668,27.0
GOLD,JUNGLE,gold_at_10,19,VERY_LOW,3448.9474,552.7435,2576.0,2780.4,2927.5,3433.0,3907.5,4186.6,4229.0
GOLD,JUNGLE,xp_at_10,19,VERY_LOW,3161.3684,434.3941,2179.0,2737.4,2806.0,3213.0,3530.0,3685.2,3801.0
GOLD,JUNGLE,cs_at_10,19,VERY_LOW,54.5263,9.8847,39.0,42.2,46.5,56.0,61.5,68.0,70.0
GOLD,JUNGLE,level_at_10,19,VERY_LOW,6.4737,0.6118,5.0,6.0,6.0,7.0,7.0,7.0,7.0
GOLD,JUNGLE,cs_per_min_at_10,19,VERY_LOW,5.4526,0.9885,3.9,4.22,4.65,5.6,6.15,6.8,7.0
GOLD,JUNGLE,gold_per_min_at_10,19,VERY_LOW,344.8947,55.2744,257.6,278.04,292.75,343.3,390.75,418.66,422.9
GOLD,JUNGLE,xp_per_min_at_10,19,VERY_LOW,316.1368,43.4394,217.9,273.74,280.6,321.3,353.0,368.52,380.1
GOLD,JUNGLE,cs_per_min,19,VERY_LOW,6.5255,1.1964,3.5141,5.4014,5.6591,6.6434,7.3839,7.9044,8.4268
GOLD,JUNGLE,gold_per_min,19,VERY_LOW,440.5645,92.9228,275.833,335.4513,412.3432,426.8712,492.0509,544.446,663.5821
GOLD,JUNGLE,kills,19,VERY_LOW,7.8947,6.3499,0.0,1.0,2.5,7.0,11.5,17.0,22.0
GOLD,JUNGLE,deaths,19,VERY_LOW,6.6842,3.9448,1.0,1.0,4.5,7.0,9.5,11.4,14.0
GOLD,JUNGLE,assists,19,VERY_LOW,7.8947,4.5203,0.0,2.8,5.0,7.0,11.0,12.8,17.0
GOLD,JUNGLE,kda,19,VERY_LOW,4.3017,5.2473,0.0,0.9714,1.303,2.1,4.2915,10.6,19.0
GOLD,MIDDLE,gold_at_10,41,LOW,3303.2683,706.2711,2330.0,2638.0,2951.0,3099.0,3610.0,3815.0,6211.0
GOLD,MIDDLE,xp_at_10,41,LOW,4285.2683,476.9497,3061.0,3704.0,4057.0,4423.0,4600.0,4720.0,5196.0
GOLD,MIDDLE,cs_at_10,41,LOW,63.1463,9.7994,28.0,56.0,60.0,64.0,69.0,71.0,83.0
GOLD,MIDDLE,level_at_10,41,LOW,7.7561,0.5823,6.0,7.0,7.0,8.0,8.0,8.0,9.0
GOLD,MIDDLE,cs_per_min_at_10,41,LOW,6.3146,0.9799,2.8,5.6,6.0,6.4,6.9,7.1,8.3
GOLD,MIDDLE,gold_per_min_at_10,41,LOW,330.3268,70.6271,233.0,263.8,295.1,309.9,361.0,381.5,621.1
GOLD,MIDDLE,xp_per_min_at_10,41,LOW,428.5268,47.695,306.1,370.4,405.7,442.3,460.0,472.0,519.6
GOLD,MIDDLE,cs_per_min,41,LOW,6.7424,1.0232,4.3499,5.4865,5.9905,6.7733,7.4987,7.972,8.8741
GOLD,MIDDLE,gold_per_min,41,LOW,425.3323,103.0504,275.3096,327.7904,364.4342,408.5324,445.4065,516.4319,770.3955
GOLD,MIDDLE,kills,41,LOW,8.6585,7.2719,0.0,3.0,4.0,7.0,12.0,13.0,34.0
GOLD,MIDDLE,deaths,41,LOW,6.8537,3.3879,1.0,2.0,5.0,7.0,9.0,11.0,15.0
GOLD,MIDDLE,assists,41,LOW,6.8537,4.0222,0.0,3.0,4.0,6.0,9.0,11.0,18.0
GOLD,MIDDLE,kda,41,LOW,3.6414,4.2052,0.091,1.0,1.167,2.0,3.714,10.0,20.0
GOLD,TOP,gold_at_10,39,LOW,3077.9744,533.0343,2109.0,2459.2,2709.0,2986.0,3380.0,3798.2,4110.0
GOLD,TOP,xp_at_10,39,LOW,4235.8462,543.0187,2478.0,3742.6,3940.0,4232.0,4520.0,4737.4,5590.0
GOLD,TOP,cs_at_10,39,LOW,58.0256,12.012,27.0,43.8,51.0,57.0,64.5,74.2,82.0
GOLD,TOP,level_at_10,39,LOW,7.6923,0.6551,6.0,7.0,7.0,8.0,8.0,8.0,9.0
GOLD,TOP,cs_per_min_at_10,39,LOW,5.8026,1.2012,2.7,4.38,5.1,5.7,6.45,7.42,8.2
GOLD,TOP,gold_per_min_at_10,39,LOW,307.7974,53.3034,210.9,245.92,270.9,298.6,338.0,379.82,411.0
GOLD,TOP,xp_per_min_at_10,39,LOW,423.5846,54.3019,247.8,374.26,394.0,423.2,452.0,473.74,559.0
GOLD,TOP,cs_per_min,39,LOW,6.5665,1.2065,4.2089,5.1725,5.6894,6.3474,7.3495,8.2395,9.373
GOLD,TOP,gold_per_min,39,LOW,406.1947,70.5508,283.0116,320.3209,360.1362,401.3921,439.6731,474.6989,588.915
GOLD,TOP,kills,39,LOW,6.2564,4.6776,0.0,1.0,3.0,5.0,10.0,12.4,19.0
GOLD,TOP,deaths,39,LOW,6.5128,3.6697,0.0,2.0,4.5,6.0,8.5,12.0,15.0
GOLD,TOP,assists,39,LOW,5.2821,3.4789,0.0,1.0,2.5,5.0,7.0,11.2,12.0
GOLD,TOP,kda,39,LOW,2.5277,2.6748,0.143,0.6878,1.0,1.6,2.909,5.0,15.0
GOLD,UTILITY,gold_at_10,52,MEDIUM,2525.6731,377.1463,2037.0,2129.5,2236.5,2451.5,2677.75,3100.6,3491.0
GOLD,UTILITY,xp_at_10,52,MEDIUM,2522.1923,331.1631,1767.0,2102.3,2324.5,2509.0,2776.25,2882.8,3342.0
GOLD,UTILITY,cs_at_10,52,MEDIUM,13.9231,4.6898,2.0,9.0,12.0,14.0,16.0,19.0,25.0
GOLD,UTILITY,level_at_10,52,MEDIUM,5.6346,0.5611,5.0,5.0,5.0,6.0,6.0,6.0,7.0
GOLD,UTILITY,cs_per_min_at_10,52,MEDIUM,1.3923,0.469,0.2,0.9,1.2,1.4,1.6,1.9,2.5
GOLD,UTILITY,gold_per_min_at_10,52,MEDIUM,252.5673,37.7146,203.7,212.95,223.65,245.15,267.775,310.06,349.1
GOLD,UTILITY,xp_per_min_at_10,52,MEDIUM,252.2192,33.1163,176.7,210.23,232.45,250.9,277.625,288.28,334.2
GOLD,UTILITY,cs_per_min,52,MEDIUM,1.5337,0.7658,0.1177,0.8168,1.072,1.3308,1.776,2.6451,4.2449
GOLD,UTILITY,gold_per_min,52,MEDIUM,318.5172,42.9504,234.1351,266.4873,289.729,316.9796,342.8148,376.4335,416.0667
GOLD,UTILITY,kills,52,MEDIUM,3.0577,2.7965,0.0,0.0,1.0,2.5,4.0,6.9,13.0
GOLD,UTILITY,deaths,52,MEDIUM,6.5385,3.545,0.0,3.0,4.0,6.0,8.0,12.9,14.0
GOLD,UTILITY,assists,52,MEDIUM,12.4423,6.2948,2.0,4.1,7.75,12.0,17.25,20.9,27.0
GOLD,UTILITY,kda,52,MEDIUM,3.1668,2.4276,0.571,0.9432,1.5,2.167,4.5,6.225,11.0
