match_id,internal_match_id,puuid,participant_id,rank_bucket,tier,division,league_points,role,champion,game_version,win,gold_at_10,xp_at_10,cs_at_10,level_at_10,cs_per_min_at_10,gold_per_min_at_10,xp_per_min_at_10,game_minutes,final_cs,cs_per_min,final_gold,gold_per_min,kills,deaths,assists,kda
EUW1_7964812094,1049,DHYvXthtEDHeqfxeNxF6wqzR6S6rrjvO5dX6Cxh7n9EVyQS-YqLw7zyYIuXBzq2OolM9eMUU-5_2eg,6,EMERALD,EMERALD,I,75,TOP,Yasuo,16.17.810.4348,1,4263,4354,67,8,6.7,426.3,435.4,28.89,284,9.830011185675874,16988,588.0008099375414,12,6,2,2.333
EUW1_7963543165,1050,DHYvXthtEDHeqfxeNxF6wqzR6S6rrjvO5dX6Cxh7n9EVyQS-YqLw7zyYIuXBzq2OolM9eMUU-5_2eg,6,EMERALD,EMERALD,I,75,TOP,Gragas,16.17.810.4348,1,3651,5261,63,9,6.3,365.1,526.1,31.24,222,7.105360439678851,16032,513.122245805997,13,4,7,5.0
EUW1_7963536617,1051,DHYvXthtEDHeqfxeNxF6wqzR6S6rrjvO5dX6Cxh7n9EVyQS-YqLw7zyYIuXBzq2OolM9eMUU-5_2eg,1,EMERALD,EMERALD,I,75,TOP,Yasuo,16.17.810.4348,0,3864,4095,67,8,6.7,386.4,409.5,32.15,263,8.179301908503778,16210,504.13111763059413,9,12,5,1.167
EUW1_7923537907,1052,DHYvXthtEDHeqfxeNxF6wqzR6S6rrjvO5dX6Cxh7n9EVyQS-YqLw7zyYIuXBzq2OolM9eMUU-5_2eg,6,EMERALD,EMERALD,I,75,TOP,Shen,16.14.794.5912,0,3439,4354,59,8,5.9,343.9,435.4,28.94,183,6.323238419489856,9289,320.96481791607255,3,10,5,0.8
EUW1_7920852971,1053,DHYvXthtEDHeqfxeNxF6wqzR6S6rrjvO5dX6Cxh7n9EVyQS-YqLw7zyYIuXBzq2OolM9eMUU-5_2eg,1,EMERALD,EMERALD,I,75,TOP,Ambessa,16.14.794.5912,1,3895,4637,67,8,6.7,389.5,463.7,24.06,180,7.482628869229282,12207,507.4469478148992,10,5,7,3.4
EUW1_7995067065,1054,kreqoJsScpSBSRnWJCzQoofeON6tAKbREgchSFeJjCYkfVYHOJ9AYA5yIOa5XyBEQ_RM7mJ_mB4E0g,5,EMERALD,EMERALD,II,30,UTILITY,Nautilus,16.19.821.7343,1,2603,2567,9,6,0.9,260.3,256.7,32.26,16,0.4960381536013145,10869,336.96491821829295,1,12,34,2.917
EUW1_7995026802,1055,kreqoJsScpSBSRnWJCzQoofeON6tAKbREgchSFeJjCYkfVYHOJ9AYA5yIOa5XyBEQ_RM7mJ_mB4E0g,10,EMERALD,EMERALD,II,30,UTILITY,Lulu,16.19.821.7343,0,2327,2658,10,6,1.0,232.7,265.8,32.26,12,0.37202111839882107,9282,287.7583350814881,0,12,22,1.833
EUW1_7994983925,1056,kreqoJsScpSBSRnWJCzQoofeON6tAKbREgchSFeJjCYkfVYHOJ9AYA5yIOa5XyBEQ_RM7mJ_mB4E0g,5,EMERALD,EMERALD,II,30,UTILITY,Nautilus,16.19.821.7343,0,1906,1959,4,5,0.4,190.6,195.9,28.1,11,0.3914723095620671,7014,249.6169799334853,0,10,11,1.1
EUW1_7994952535,1057,kreqoJsScpSBSRnWJCzQoofeON6tAKbREgchSFeJjCYkfVYHOJ9AYA5yIOa5XyBEQ_RM7mJ_mB4E0g,5,EMERALD,EMERALD,II,30,UTILITY,Nautilus,16.19.821.7343,1,2615,2127,6,5,0.6,261.5,212.7,19.77,8,0.4046541976971804,6071,307.0819542774478,1,4,10,2.75
EUW1_7994883302,1058,kreqoJsScpSBSRnWJCzQoofeON6tAKbREgchSFeJjCYkfVYHOJ9AYA5yIOa5XyBEQ_RM7mJ_mB4E0g,5,EMERALD,EMERALD,II,30,UTILITY,Nautilus,16.19.821.7343,1,2939,2750,10,6,1.0,293.9,275.0,36.36,25,0.687612883114978,11448,314.87169143601074,2,12,23,2.083
EUW1_7990557809,1059,cGoTLViYNp8kD1nCA3AHEoOp10P9MpkEHUdffd1Mwl5vaM2aOQBz2DyURpFJm1wF6HQDgzwUcwWE6Q,1,EMERALD,EMERALD,III,47,TOP,Darius,16.18.817.5716,1,3980,5033,86,8,8.6,398.0,503.3,32.22,315,9.776996537701702,17759,551.2053381366493,12,1,3,15.0
EUW1_7990478132,1060,cGoTLViYNp8kD1nCA3AHEoOp10P9MpkEHUdffd1Mwl5vaM2aOQBz2DyURpFJm1wF6HQDgzwUcwWE6Q,6,EMERALD,EMERALD,III,47,TOP,Illaoi,16.18.817.5716,1,2529,3713,52,7,5.2,252.9,371.3,37.55,238,6.338502675220982,13258,353.09188431966294,2,11,9,1.0
EUW1_7977568739,1061,cGoTLViYNp8kD1nCA3AHEoOp10P9MpkEHUdffd1Mwl5vaM2aOQBz2DyURpFJm1wF6HQDgzwUcwWE6Q,1,EMERALD,EMERALD,III,47,TOP,Illaoi,16.17.810.4348,1,3181,4529,75,8,7.5,318.1,452.9,41.22,341,8.273562973905117,17223,417.8755868022517,5,8,2,0.875
EUW1_7953527917,1062,cGoTLViYNp8kD1nCA3AHEoOp10P9MpkEHUdffd1Mwl5vaM2aOQBz2DyURpFJm1wF6HQDgzwUcwWE6Q,1,EMERALD,EMERALD,III,47,TOP,Shen,16.16.804.9184,1,3197,4577,40,8,4.0,319.7,457.7,22.03,88,3.9951604079603573,7383,335.18487831785586,2,6,13,2.5
EUW1_7952334487,1063,cGoTLViYNp8kD1nCA3AHEoOp10P9MpkEHUdffd1Mwl5vaM2aOQBz2DyURpFJm1wF6HQDgzwUcwWE6Q,1,EMERALD,EMERALD,III,47,TOP,Sett,16.16.804.9184,1,2673,3350,45,7,4.5,267.3,335.0,29.75,179,6.015997849028702,11471,385.52799623580023,4,8,9,1.625
EUW1_7853489677,1064,YoLN6-w2cEtRDkOcJ4cu8JxnR1MzD8-8Y_u-VpPjacukcGAjOr3cV8cIjhiPL6vQ6v3jTJjOoI6PAg,3,EMERALD,EMERALD,IV,60,MIDDLE,Syndra,16.10.775.1511,0,2522,4157,53,8,5.3,252.2,415.7,21.4,148,6.915451595343284,6852,320.1667184546769,1,4,2,0.75
EUW1_7818349715,1065,YoLN6-w2cEtRDkOcJ4cu8JxnR1MzD8-8Y_u-VpPjacukcGAjOr3cV8cIjhiPL6vQ6v3jTJjOoI6PAg,8,EMERALD,EMERALD,IV,60,MIDDLE,Katarina,16.7.760.9485,0,4330,4081,64,8,6.4,433.0,408.1,47.55,221,4.648206812252056,24057,505.981499015148,27,18,11,2.111
EUW1_7818301132,1066,YoLN6-w2cEtRDkOcJ4cu8JxnR1MzD8-8Y_u-VpPjacukcGAjOr3cV8cIjhiPL6vQ6v3jTJjOoI6PAg,3,EMERALD,EMERALD,IV,60,MIDDLE,Katarina,16.7.760.9485,1,3688,4176,64,8,6.4,368.8,417.6,28.84,176,6.101746624971398,13625,472.3653282115642,11,12,12,1.917
EUW1_7816784753,1067,YoLN6-w2cEtRDkOcJ4cu8JxnR1MzD8-8Y_u-VpPjacukcGAjOr3cV8cIjhiPL6vQ6v3jTJjOoI6PAg,6,EMERALD,EMERALD,IV,60,TOP,Irelia,16.7.760.9485,0,4162,4568,83,8,8.3,416.2,456.8,31.49,255,8.098353176062963,15908,505.21020519533175,10,14,7,1.214
EUW1_7816765606,1068,YoLN6-w2cEtRDkOcJ4cu8JxnR1MzD8-8Y_u-VpPjacukcGAjOr3cV8cIjhiPL6vQ6v3jTJjOoI6PAg,1,EMERALD,EMERALD,IV,60,TOP,Yone,16.7.760.9485,0,3583,4473,83,8,8.3,358.3,447.3,37.44,365,9.7496434034536,21085,563.2088524981347,12,8,9,2.625
EUW1_7947292635,1069,EXeA9vWMVApvK9LZTeqtXmyGfKQX0d-sOOeU-HYDOxbhgr7g7WivcvLu_c9UbVYE-kD7HZi5eWg8XQ,8,EMERALD,EMERALD,I,75,MIDDLE,Jayce,16.15.802.4387,1,3161,3906,67,7,6.7,316.1,390.6,22.19,167,7.527603089472549,7967,359.1162503822024,1,7,1,0.286
EUW1_7947255079,1070,EXeA9vWMVApvK9LZTeqtXmyGfKQX0d-sOOeU-HYDOxbhgr7g7WivcvLu_c9UbVYE-kD7HZi5eWg8XQ,3,EMERALD,EMERALD,I,75,MIDDLE,Jayce,16.15.802.4387,0,3088,4309,79,8,7.9,308.8,430.9,31.12,258,8.290404071509554,15356,493.4397090003904,10,8,3,1.625
EUW1_7947229137,1071,EXeA9vWMVApvK9LZTeqtXmyGfKQX0d-sOOeU-HYDOxbhgr7g7WivcvLu_c9UbVYE-kD7HZi5eWg8XQ,8,EMERALD,EMERALD,I,75,MIDDLE,Jayce,16.15.802.4387,1,4276,4644,75,8,7.5,427.6,464.4,22.58,238,10.541662821814155,15472,685.296668819784,18,2,1,9.5
EUW1_7946885793,1072,EXeA9vWMVApvK9LZTeqtXmyGfKQX0d-sOOeU-HYDOxbhgr7g7WivcvLu_c9UbVYE-kD7HZi5eWg8XQ,3,EMERALD,EMERALD,I,75,MIDDLE,Gragas,16.15.802.4387,0,2706,3711,44,7,4.4,270.6,371.1,27.37,214,7.818046535643351,10275,375.3758324940908,3,8,2,0.625
EUW1_7946842120,1073,EXeA9vWMVApvK9LZTeqtXmyGfKQX0d-sOOeU-HYDOxbhgr7g7WivcvLu_c9UbVYE-kD7HZi5eWg8XQ,3,EMERALD,EMERALD,I,75,MIDDLE,Orianna,16.15.802.4387,1,2936,4235,63,8,6.3,293.6,423.5,31.72,228,7.1889668277527745,13109,413.3340620395225,5,8,14,2.375
EUW1_8007776676,1074,urErsmh9A2cWhqoZihP62g1SDw6sza92H3FAVmlkQACApGkKOvQYqN7wP7y1KF_UNHCmN52Dz71Jvg,9,EMERALD,EMERALD,II,72,BOTTOM,Kaisa,16.20.824.8524,0,3297,3259,73,7,7.3,329.7,325.9,43.59,318,7.295281887321543,26299,603.3289885366958,19,14,12,2.214
EUW1_8007750484,1075,urErsmh9A2cWhqoZihP62g1SDw6sza92H3FAVmlkQACApGkKOvQYqN7wP7y1KF_UNHCmN52Dz71Jvg,4,EMERALD,EMERALD,II,72,BOTTOM,Yunara,16.20.824.8524,0,2922,3318,73,7,7.3,292.2,331.8,23.71,182,7.676868512536425,10561,445.4692767082263,3,8,1,0.5
EUW1_8007718898,1076,urErsmh9A2cWhqoZihP62g1SDw6sza92H3FAVmlkQACApGkKOvQYqN7wP7y1KF_UNHCmN52Dz71Jvg,4,EMERALD,EMERALD,II,72,BOTTOM,Jinx,16.20.824.8524,1,3085,2571,61,6,6.1,308.5,257.1,15.24,117,7.67929009229369,7426,487.405198507461,4,3,4,2.667
EUW1_8007412937,1077,urErsmh9A2cWhqoZihP62g1SDw6sza92H3FAVmlkQACApGkKOvQYqN7wP7y1KF_UNHCmN52Dz71Jvg,4,EMERALD,EMERALD,II,72,BOTTOM,Kaisa,16.20.824.8524,0,3462,2764,52,6,5.2,346.2,276.4,25.11,156,6.211802557590245,13718,546.2404325963012,10,12,3,1.083
EUW1_8007373996,1078,urErsmh9A2cWhqoZihP62g1SDw6sza92H3FAVmlkQACApGkKOvQYqN7wP7y1KF_UNHCmN52Dz71Jvg,4,EMERALD,EMERALD,II,72,BOTTOM,Kaisa,16.20.824.8524,1,3078,2757,45,6,4.5,307.8,275.7,28.46,165,5.7974646925616184,13540,475.7434662865716,7,13,6,1.0
EUW1_7989433724,1079,pEGNJtz82hFszQBR1bGb7lAn8PgNay66ZQMyEyZGpl3AdzDJnU4Sc8oFMccrai7nF9mzIdhyJ_7Oqg,6,EMERALD,EMERALD,III,5,TOP,RekSai,16.18.817.5716,0,2881,4454,59,8,5.9,288.1,445.4,33.81,177,5.2343660280772975,13137,388.4964209652625,9,6,11,3.333
EUW1_7989185446,1080,pEGNJtz82hFszQBR1bGb7lAn8PgNay66ZQMyEyZGpl3AdzDJnU4Sc8oFMccrai7nF9mzIdhyJ_7Oqg,6,EMERALD,EMERALD,III,5,TOP,RekSai,16.18.817.5716,0,2870,4527,49,8,4.9,287.0,452.7,39.85,168,4.216295983978076,14367,360.56859762983936,10,3,6,5.333
EUW1_7926483177,1081,pEGNJtz82hFszQBR1bGb7lAn8PgNay66ZQMyEyZGpl3AdzDJnU4Sc8oFMccrai7nF9mzIdhyJ_7Oqg,6,EMERALD,EMERALD,III,5,TOP,RekSai,16.14.794.5912,0,3072,4411,64,8,6.4,307.2,441.1,36.2,217,5.994629695793262,13926,384.7060513530736,7,5,8,3.0
EUW1_7911611341,1082,pEGNJtz82hFszQBR1bGb7lAn8PgNay66ZQMyEyZGpl3AdzDJnU4Sc8oFMccrai7nF9mzIdhyJ_7Oqg,1,EMERALD,EMERALD,III,5,TOP,RekSai,16.13.791.5903,0,2353,3914,48,7,4.8,235.3,391.4,29.22,166,5.681409811041786,11158,381.88657031086893,4,6,5,1.5
EUW1_7911582893,1083,pEGNJtz82hFszQBR1bGb7lAn8PgNay66ZQMyEyZGpl3AdzDJnU4Sc8oFMccrai7nF9mzIdhyJ_7Oqg,1,EMERALD,EMERALD,III,5,TOP,RekSai,16.13.791.5903,1,2729,3815,53,7,5.3,272.9,381.5,27.55,160,5.80752061821057,10799,391.97134472534964,3,6,9,2.0
EUW1_7988727655,1084,SuQmrrak3YBgf4coiPYWEvh4pclBNQHuCvS81nbp6FaAePdGwFFVb8EKGhMFol1U37ToF4GL-QCr-A,5,EMERALD,EMERALD,IV,85,UTILITY,Milio,16.18.817.5716,1,2137,2973,19,6,1.9,213.7,297.3,32.85,37,1.1262403863714767,11006,335.0108565514723,1,6,25,4.333
EUW1_7988695818,1085,SuQmrrak3YBgf4coiPYWEvh4pclBNQHuCvS81nbp6FaAePdGwFFVb8EKGhMFol1U37ToF4GL-QCr-A,5,EMERALD,EMERALD,IV,85,UTILITY,Senna,16.18.817.5716,1,3277,3050,12,6,1.2,327.7,305.0,22.78,44,1.9313959383621324,11245,493.60334833823134,12,3,1,4.333
EUW1_7782391625,1086,SuQmrrak3YBgf4coiPYWEvh4pclBNQHuCvS81nbp6FaAePdGwFFVb8EKGhMFol1U37ToF4GL-QCr-A,4,EMERALD,EMERALD,IV,85,BOTTOM,Tristana,16.5.752.7101,0,2826,3833,69,7,6.9,282.6,383.3,37.28,334,8.958146146522013,20768,557.0143088951172,10,7,3,1.857
EUW1_7782356279,1087,SuQmrrak3YBgf4coiPYWEvh4pclBNQHuCvS81nbp6FaAePdGwFFVb8EKGhMFol1U37ToF4GL-QCr-A,8,EMERALD,EMERALD,IV,85,MIDDLE,Annie,16.5.752.7101,0,3073,4070,62,8,6.2,307.3,407.0,34.84,264,7.577453631150222,12245,351.4618170963427,3,10,4,0.7
EUW1_7782338663,1088,SuQmrrak3YBgf4coiPYWEvh4pclBNQHuCvS81nbp6FaAePdGwFFVb8EKGhMFol1U37ToF4GL-QCr-A,9,EMERALD,EMERALD,IV,85,BOTTOM,Caitlyn,16.5.752.7101,1,3418,3464,81,7,8.1,341.8,346.4,31.48,296,9.401814825539692,16756,532.2189500565644,6,5,5,2.2
EUW1_8008017340,1089,FE_7CXYYxYThNMbQ_uKRXmHl7hCfOVRUQ39_ObqJllE0eXC6wJfpisoIi2PFsfy-WZFA8O99PVFoHg,4,EMERALD,EMERALD,I,53,BOTTOM,Caitlyn,16.20.824.8524,0,2780,2893,66,6,6.6,278.0,289.3,28.72,179,6.232098673735128,10038,349.48495244107943,2,11,4,0.545
EUW1_8007870166,1090,FE_7CXYYxYThNMbQ_uKRXmHl7hCfOVRUQ39_ObqJllE0eXC6wJfpisoIi2PFsfy-WZFA8O99PVFoHg,4,EMERALD,EMERALD,I,53,BOTTOM,Jhin,16.20.824.8524,0,2857,2780,54,6,5.4,285.7,278.0,15.2,89,5.854062818259853,4792,315.19852837192377,1,6,0,0.167
EUW1_8007848138,1091,FE_7CXYYxYThNMbQ_uKRXmHl7hCfOVRUQ39_ObqJllE0eXC6wJfpisoIi2PFsfy-WZFA8O99PVFoHg,4,EMERALD,EMERALD,I,53,BOTTOM,KogMaw,16.20.824.8524,0,3573,3213,69,7,6.9,357.3,321.3,26.09,183,7.014584970389252,11279,432.3360867815321,7,12,2,0.75
EUW1_8007828463,1092,FE_7CXYYxYThNMbQ_uKRXmHl7hCfOVRUQ39_ObqJllE0eXC6wJfpisoIi2PFsfy-WZFA8O99PVFoHg,1,EMERALD,EMERALD,I,53,TOP,Tryndamere,16.20.824.8524,0,3119,3920,66,7,6.6,311.9,392.0,32.65,233,7.136858710107232,15179,464.93724618333766,6,9,10,1.778
EUW1_8007180820,1093,FE_7CXYYxYThNMbQ_uKRXmHl7hCfOVRUQ39_ObqJllE0eXC6wJfpisoIi2PFsfy-WZFA8O99PVFoHg,9,EMERALD,EMERALD,I,53,BOTTOM,Jinx,16.20.824.8524,1,4105,2931,81,6,8.1,410.5,293.1,27.05,223,8.245262671391156,17361,641.9103373902326,16,6,11,4.5
EUW1_7928052297,1094,-dmgKMfSKAAmj7TKsrSsnLenzesnRbo8cht6K_vH5bhRC8rEK0ce41MV1H_UP0rpc-8HdrvF-qxfdA,9,EMERALD,EMERALD,II,72,BOTTOM,Jhin,16.14.794.9266,1,4160,3072,61,6,6.1,416.0,307.2,26.47,169,6.38533815529218,12354,466.7719974584591,10,6,9,3.167
EUW1_7927626317,1095,-dmgKMfSKAAmj7TKsrSsnLenzesnRbo8cht6K_vH5bhRC8rEK0ce41MV1H_UP0rpc-8HdrvF-qxfdA,9,EMERALD,EMERALD,II,72,BOTTOM,Ezreal,16.14.794.9266,1,3090,3099,66,6,6.6,309.0,309.9,39.86,269,6.747996610114218,20015,502.08606747745756,8,8,7,1.875
EUW1_7924270097,1096,-dmgKMfSKAAmj7TKsrSsnLenzesnRbo8cht6K_vH5bhRC8rEK0ce41MV1H_UP0rpc-8HdrvF-qxfdA,4,EMERALD,EMERALD,II,72,BOTTOM,Ashe,16.14.794.5912,0,2620,2553,52,6,5.2,262.0,255.3,27.02,183,6.773746980192033,10178,376.7387801333034,3,12,3,0.5
EUW1_7924240848,1097,-dmgKMfSKAAmj7TKsrSsnLenzesnRbo8cht6K_vH5bhRC8rEK0ce41MV1H_UP0rpc-8HdrvF-qxfdA,10,EMERALD,EMERALD,II,72,UTILITY,Thresh,16.14.794.5912,0,3146,2004,10,5,1.0,314.6,200.4,31.49,27,0.857285738099207,9848,312.6870351407774,3,14,13,1.143
EUW1_7922200740,1098,-dmgKMfSKAAmj7TKsrSsnLenzesnRbo8cht6K_vH5bhRC8rEK0ce41MV1H_UP0rpc-8HdrvF-qxfdA,10,EMERALD,EMERALD,II,72,UTILITY,Mel,16.14.794.5912,0,2481,2749,8,6,0.8,248.1,274.9,28.02,37,1.3203447884147477,8886,317.0968591852283,3,13,9,0.923
EUW1_8002641224,1099,UUJ3GuGFI0AE7QyNqH0eosez7rV8mwzVEoz3d3J4vJpwmdK5WsrVZj7dGIwn57JiF6tcEGwHLroFMQ,7,EMERALD,EMERALD,III,76,JUNGLE,Qiyana,16.19.823.722,0,3746,3964,76,7,7.6,374.6,396.4,36.81,250,6.790891693879279,16962,460.7484196463213,10,9,10,2.222
EUW1_8001515745,1100,UUJ3GuGFI0AE7QyNqH0eosez7rV8mwzVEoz3d3J4vJpwmdK5WsrVZj7dGIwn57JiF6tcEGwHLroFMQ,2,EMERALD,EMERALD,III,76,JUNGLE,Qiyana,16.19.823.722,0,3592,3936,77,7,7.7,359.2,393.6,31.52,224,7.10655389242454,12348,391.7487833199028,3,9,7,1.111
EUW1_8001473685,1101,UUJ3GuGFI0AE7QyNqH0eosez7rV8mwzVEoz3d3J4vJpwmdK5WsrVZj7dGIwn57JiF6tcEGwHLroFMQ,8,EMERALD,EMERALD,III,76,MIDDLE,Annie,16.19.823.722,0,3418,4371,81,8,8.1,341.8,437.1,35.74,265,7.413727986123739,13809,386.32516890710457,4,9,13,1.889
EUW1_8001437086,1102,UUJ3GuGFI0AE7QyNqH0eosez7rV8mwzVEoz3d3J4vJpwmdK5WsrVZj7dGIwn57JiF6tcEGwHLroFMQ,2,EMERALD,EMERALD,III,76,JUNGLE,Qiyana,16.19.823.722,0,3295,3771,69,7,6.9,329.5,377.1,28.34,198,6.986069612537761,12161,429.0787502932914,6,9,3,1.0
EUW1_8001402179,1103,UUJ3GuGFI0AE7QyNqH0eosez7rV8mwzVEoz3d3J4vJpwmdK5WsrVZj7dGIwn57JiF6tcEGwHLroFMQ,7,EMERALD,EMERALD,III,76,JUNGLE,Qiyana,16.19.823.722,1,3210,3536,67,7,6.7,321.0,353.6,34.63,294,8.490933858320778,17690,510.90006786970946,8,4,7,3.75
EUW1_7948390631,1104,Wt6cRH26pq7YnQVmACDqKFagO8NMCnhJFZOTd7MjBvZG7OdCzeV_4KOmRxLYpAZwW0cGDwYBGHy7ag,10,EMERALD,EMERALD,IV,50,UTILITY,Nami,16.16.804.9184,0,2066,2528,15,6,1.5,206.6,252.8,27.74,32,1.1536471774399488,7011,252.75688628223378,0,6,11,1.833
EUW1_7948344083,1105,Wt6cRH26pq7YnQVmACDqKFagO8NMCnhJFZOTd7MjBvZG7OdCzeV_4KOmRxLYpAZwW0cGDwYBGHy7ag,5,EMERALD,EMERALD,IV,50,UTILITY,Morgana,16.16.804.9184,1,2743,3273,20,7,2.0,274.3,327.3,20.44,31,1.516594478943798,6746,330.030527579189,2,2,10,6.0
EUW1_7947539308,1106,Wt6cRH26pq7YnQVmACDqKFagO8NMCnhJFZOTd7MjBvZG7OdCzeV_4KOmRxLYpAZwW0cGDwYBGHy7ag,10,EMERALD,EMERALD,IV,50,UTILITY,Sejuani,16.15.802.4387,0,2590,2693,20,6,2.0,259.0,269.3,16.01,34,2.1240862004158627,4615,288.31346514468254,1,5,4,1.0
EUW1_7947507794,1107,Wt6cRH26pq7YnQVmACDqKFagO8NMCnhJFZOTd7MjBvZG7OdCzeV_4KOmRxLYpAZwW0cGDwYBGHy7ag,10,EMERALD,EMERALD,IV,50,UTILITY,Swain,16.15.802.4387,0,2311,2838,22,6,2.2,231.1,283.8,25.62,47,1.834441045163028,6242,243.62938306186427,0,7,2,0.286
EUW1_7907443348,1108,Wt6cRH26pq7YnQVmACDqKFagO8NMCnhJFZOTd7MjBvZG7OdCzeV_4KOmRxLYpAZwW0cGDwYBGHy7ag,10,EMERALD,EMERALD,IV,50,UTILITY,Mel,16.13.791.5903,1,3360,2354,11,5,1.1,336.0,235.4,38.42,89,2.3164897631974846,17051,443.8029994638237,17,11,21,3.455
EUW1_7792377858,1109,IEWeARTYzVegWwjEIdyh0Vj8SjhDNj-1jg5jepxNP4q8G51cgt4x7x2OsTLKrCaLYpx9LSsKQkJwWQ,1,EMERALD,EMERALD,I,75,TOP,MasterYi,16.6.756.931,0,2578,3650,46,7,4.6,257.8,365.0,30.01,148,4.932313988442389,8661,288.6403476614833,2,14,4,0.429
EUW1_7792342315,1110,IEWeARTYzVegWwjEIdyh0Vj8SjhDNj-1jg5jepxNP4q8G51cgt4x7x2OsTLKrCaLYpx9LSsKQkJwWQ,8,EMERALD,EMERALD,I,75,MIDDLE,Akshan,16.6.756.931,1,3205,3886,58,7,5.8,320.5,388.6,30.19,135,4.471973150494042,11387,377.20265381241234,7,9,7,1.556
EUW1_7792302977,1111,IEWeARTYzVegWwjEIdyh0Vj8SjhDNj-1jg5jepxNP4q8G51cgt4x7x2OsTLKrCaLYpx9LSsKQkJwWQ,8,EMERALD,EMERALD,I,75,MIDDLE,Katarina,16.6.756.931,0,2851,4002,64,7,6.4,285.1,400.2,31.92,223,6.985591825291288,11563,362.2170326270994,4,7,8,1.714
EUW1_7792262868,1112,IEWeARTYzVegWwjEIdyh0Vj8SjhDNj-1jg5jepxNP4q8G51cgt4x7x2OsTLKrCaLYpx9LSsKQkJwWQ,3,EMERALD,EMERALD,I,75,MIDDLE,Katarina,16.6.756.931,0,3413,3835,53,7,5.3,341.3,383.5,26.67,112,4.19965877772431,11400,427.4652684469387,11,11,7,1.636
EUW1_8007895817,1114,TVqK44xUf4AXdLU8uTuqJjphd7wGFW96ndjTwBFPoa2vkT_Hhz7dSO_g0z624dp6ISqdXPNEK2-A-Q,5,EMERALD,EMERALD,II,21,UTILITY,Blitzcrank,16.20.824.8524,0,2509,2574,19,6,1.9,250.9,257.4,9.76,19,1.946757879673286,2509,257.0745010579092,0,1,2,2.0
EUW1_8007868032,1115,TVqK44xUf4AXdLU8uTuqJjphd7wGFW96ndjTwBFPoa2vkT_Hhz7dSO_g0z624dp6ISqdXPNEK2-A-Q,10,EMERALD,EMERALD,II,21,UTILITY,TahmKench,16.20.824.8524,0,2938,2662,9,6,0.9,293.8,266.2,34.74,35,1.0076258080799114,10809,311.1836388438789,5,11,10,1.364
EUW1_8006736062,1116,TVqK44xUf4AXdLU8uTuqJjphd7wGFW96ndjTwBFPoa2vkT_Hhz7dSO_g0z624dp6ISqdXPNEK2-A-Q,5,EMERALD,EMERALD,II,21,UTILITY,TahmKench,16.20.824.8524,1,3679,2745,13,6,1.3,367.9,274.5,32.66,35,1.0717960443580656,11918,364.9618644759836,7,9,14,2.333
EUW1_8004989754,1117,TVqK44xUf4AXdLU8uTuqJjphd7wGFW96ndjTwBFPoa2vkT_Hhz7dSO_g0z624dp6ISqdXPNEK2-A-Q,10,EMERALD,EMERALD,II,21,UTILITY,TahmKench,16.19.823.722,1,2682,3027,16,6,1.6,268.2,302.7,38.6,55,1.4248440119635086,12587,326.0820287015397,5,10,12,1.7
EUW1_7995598049,1118,TVqK44xUf4AXdLU8uTuqJjphd7wGFW96ndjTwBFPoa2vkT_Hhz7dSO_g0z624dp6ISqdXPNEK2-A-Q,5,EMERALD,EMERALD,II,21,UTILITY,Blitzcrank,16.19.821.7343,1,2820,2802,14,6,1.4,282.0,280.2,31.92,26,0.8144176991760286,10343,323.98162548375626,6,6,19,4.167
EUW1_8000216606,1119,mm0k-1zXa3tBO7-qcdVVmrUNf6GQLfzsGPs2H-7sTQ0HPum1t8iUeVS8zTWz62HshcpX-ZH80oWJMg,4,EMERALD,EMERALD,III,14,BOTTOM,MissFortune,16.19.823.722,1,3978,3372,72,7,7.2,397.8,337.2,22.98,146,6.354539796393581,11048,480.85586075723484,5,3,4,3.0
EUW1_8000203557,1120,mm0k-1zXa3tBO7-qcdVVmrUNf6GQLfzsGPs2H-7sTQ0HPum1t8iUeVS8zTWz62HshcpX-ZH80oWJMg,6,EMERALD,EMERALD,III,14,TOP,Sett,16.19.823.722,0,3937,4461,64,8,6.4,393.7,446.1,26.02,176,6.763585776486548,10594,407.12174838692323,7,10,0,0.7
EUW1_8000186522,1121,mm0k-1zXa3tBO7-qcdVVmrUNf6GQLfzsGPs2H-7sTQ0HPum1t8iUeVS8zTWz62HshcpX-ZH80oWJMg,6,EMERALD,EMERALD,III,14,TOP,Darius,16.19.823.722,1,2604,3376,54,7,5.4,260.4,337.6,26.99,173,6.409183779948887,9298,344.4658426934379,1,9,8,1.0
EUW1_8000165568,1122,mm0k-1zXa3tBO7-qcdVVmrUNf6GQLfzsGPs2H-7sTQ0HPum1t8iUeVS8zTWz62HshcpX-ZH80oWJMg,2,EMERALD,EMERALD,III,14,JUNGLE,MasterYi,16.19.823.722,0,3410,3244,58,7,5.8,341.0,324.4,25.57,133,5.202289528925513,12362,483.53912147802396,10,6,5,2.5
EUW1_8000134665,1123,mm0k-1zXa3tBO7-qcdVVmrUNf6GQLfzsGPs2H-7sTQ0HPum1t8iUeVS8zTWz62HshcpX-ZH80oWJMg,2,EMERALD,EMERALD,III,14,JUNGLE,MasterYi,16.19.823.722,0,2393,2358,36,5,3.6,239.3,235.8,29.93,152,5.07849391471694,11817,394.8194907250664,7,8,7,1.75
EUW1_7985981973,1124,H88pQt80-mnxIrn_9DhDMsYU0EPZ9m_cCa6sI6bLJkSkJUyuH2KZYqNU78KJqVAUBhNJqX0HH4OdLw,1,EMERALD,EMERALD,IV,29,TOP,Sion,16.18.817.5716,0,2975,4239,54,8,5.4,297.5,423.9,30.11,231,7.6712965653513105,10007,332.323223937102,2,10,2,0.4
EUW1_7985932021,1125,H88pQt80-mnxIrn_9DhDMsYU0EPZ9m_cCa6sI6bLJkSkJUyuH2KZYqNU78KJqVAUBhNJqX0HH4OdLw,8,EMERALD,EMERALD,IV,29,MIDDLE,Galio,16.18.817.5716,0,3181,3807,64,7,6.4,318.1,380.7,28.86,230,7.970364107024663,9687,335.6909439336866,1,8,8,1.125
EUW1_7985486961,1126,H88pQt80-mnxIrn_9DhDMsYU0EPZ9m_cCa6sI6bLJkSkJUyuH2KZYqNU78KJqVAUBhNJqX0HH4OdLw,1,EMERALD,EMERALD,IV,29,TOP,Gragas,16.18.817.5716,0,2570,4198,59,8,5.9,257.0,419.8,30.9,213,6.893404662271717,9956,322.2100320074047,0,7,5,0.714
EUW1_7985464802,1127,H88pQt80-mnxIrn_9DhDMsYU0EPZ9m_cCa6sI6bLJkSkJUyuH2KZYqNU78KJqVAUBhNJqX0HH4OdLw,1,EMERALD,EMERALD,IV,29,TOP,Sion,16.18.817.5716,0,2643,4474,62,8,6.2,264.3,447.4,32.07,199,6.204479696697596,9943,310.00573680534774,2,10,7,0.9
EUW1_7985435221,1128,H88pQt80-mnxIrn_9DhDMsYU0EPZ9m_cCa6sI6bLJkSkJUyuH2KZYqNU78KJqVAUBhNJqX0HH4OdLw,6,EMERALD,EMERALD,IV,29,TOP,Sion,16.18.817.5716,0,2720,4839,67,8,6.7,272.0,483.9,27.06,198,7.316992051085908,9405,347.55712242658063,2,5,5,1.4
EUW1_7936272876,1129,voQ-x7h2sijpir44s51h09-JxYuzNWqRqxOWDIs2p2Q4skw83stbexYJH2vWSmwvIZuzg3Og3yzsoA,10,EMERALD,EMERALD,I,75,UTILITY,Thresh,16.15.801.3452,0,3337,2772,18,6,1.8,333.7,277.2,33.24,31,0.932538836983688,11324,340.64741258075105,5,9,23,3.111
EUW1_7935043867,1130,voQ-x7h2sijpir44s51h09-JxYuzNWqRqxOWDIs2p2Q4skw83stbexYJH2vWSmwvIZuzg3Og3yzsoA,10,EMERALD,EMERALD,I,75,UTILITY,Thresh,16.15.800.8073,1,2492,2653,13,6,1.3,249.2,265.3,28.86,27,0.9354569360667154,8584,297.4060125628402,2,6,18,3.333
EUW1_7934813297,1131,voQ-x7h2sijpir44s51h09-JxYuzNWqRqxOWDIs2p2Q4skw83stbexYJH2vWSmwvIZuzg3Og3yzsoA,10,EMERALD,EMERALD,I,75,UTILITY,Thresh,16.15.800.8073,1,2529,2621,13,6,1.3,252.9,262.1,19.02,22,1.1564430964289563,5476,287.8491998202257,1,6,6,1.167
EUW1_7931073241,1132,voQ-x7h2sijpir44s51h09-JxYuzNWqRqxOWDIs2p2Q4skw83stbexYJH2vWSmwvIZuzg3Og3yzsoA,10,EMERALD,EMERALD,I,75,UTILITY,Thresh,16.14.794.9266,0,2360,2281,14,5,1.4,236.0,228.1,17.13,22,1.2841041525204435,5026,293.3594304803523,3,3,2,1.667
EUW1_7929651037,1133,voQ-x7h2sijpir44s51h09-JxYuzNWqRqxOWDIs2p2Q4skw83stbexYJH2vWSmwvIZuzg3Og3yzsoA,10,EMERALD,EMERALD,I,75,UTILITY,Blitzcrank,16.14.794.9266,0,2640,2935,17,6,1.7,264.0,293.5,34.79,35,1.0059769401343122,10177,292.5093519927684,4,5,18,4.4
EUW1_7743999980,1134,ll-_9tQnfUsbis_NyDXeMa9BpA9tylvsl_xBS48LblayLvWnRKFJITJszqm9QJaL9zmOqBxpVBbIDQ,9,EMERALD,EMERALD,II,3,BOTTOM,Brand,16.4.748.682,0,3327,3142,66,6,6.6,332.7,314.2,34.48,214,6.20733964735156,14258,413.5712555698062,7,8,10,2.125
EUW1_7725423571,1135,ll-_9tQnfUsbis_NyDXeMa9BpA9tylvsl_xBS48LblayLvWnRKFJITJszqm9QJaL9zmOqBxpVBbIDQ,9,EMERALD,EMERALD,II,3,BOTTOM,Brand,16.3.744.7656,0,3041,2978,63,6,6.3,304.1,297.8,44.8,346,7.723688396051097,19695,439.64752300643454,5,6,9,2.333
EUW1_7709619749,1136,ll-_9tQnfUsbis_NyDXeMa9BpA9tylvsl_xBS48LblayLvWnRKFJITJszqm9QJaL9zmOqBxpVBbIDQ,4,EMERALD,EMERALD,II,3,BOTTOM,Varus,16.2.741.3171,1,3356,2795,67,6,6.7,335.6,279.5,40.31,300,7.442023535812878,21709,538.5296297965392,11,7,5,2.286
EUW1_7709593554,1137,ll-_9tQnfUsbis_NyDXeMa9BpA9tylvsl_xBS48LblayLvWnRKFJITJszqm9QJaL9zmOqBxpVBbIDQ,9,EMERALD,EMERALD,II,3,BOTTOM,Vayne,16.2.741.3171,0,3559,2799,63,6,6.3,355.9,279.9,37.15,273,7.34847801714914,19586,527.2061921021358,15,9,4,2.111
EUW1_7709580710,1138,ll-_9tQnfUsbis_NyDXeMa9BpA9tylvsl_xBS48LblayLvWnRKFJITJszqm9QJaL9zmOqBxpVBbIDQ,9,EMERALD,EMERALD,II,3,BOTTOM,Varus,16.2.741.3171,1,3428,3156,59,6,5.9,342.8,315.6,29.91,256,8.557613183627103,15870,530.5051610318833,10,2,5,7.5
EUW1_8007925818,1139,6LNyD_IWVNIB_rJynmCMRzPOC5p0aPxQJ2JixG-A4TO776MSlxSOM7gl-91ZXD4gUQZFF1NTXXp3sQ,4,EMERALD,EMERALD,III,86,BOTTOM,Tristana,16.20.824.8524,0,2620,2766,63,6,6.3,262.0,276.6,15.77,107,6.783952254501766,5781,366.5236260119131,1,3,0,0.333
EUW1_8007581718,1140,6LNyD_IWVNIB_rJynmCMRzPOC5p0aPxQJ2JixG-A4TO776MSlxSOM7gl-91ZXD4gUQZFF1NTXXp3sQ,9,EMERALD,EMERALD,III,86,BOTTOM,Tristana,16.20.824.8524,0,3535,3158,70,6,7.0,353.5,315.8,34.5,243,7.04407717757645,16391,475.1418478092823,9,7,2,1.571
EUW1_8006998811,1141,6LNyD_IWVNIB_rJynmCMRzPOC5p0aPxQJ2JixG-A4TO776MSlxSOM7gl-91ZXD4gUQZFF1NTXXp3sQ,9,EMERALD,EMERALD,III,86,BOTTOM,Tristana,16.20.824.8524,0,4129,3020,64,6,6.4,412.9,302.0,36.98,241,6.517732424096137,19265,521.01292593449,16,9,8,2.667
EUW1_8006984904,1142,6LNyD_IWVNIB_rJynmCMRzPOC5p0aPxQJ2JixG-A4TO776MSlxSOM7gl-91ZXD4gUQZFF1NTXXp3sQ,9,EMERALD,EMERALD,III,86,BOTTOM,Tristana,16.20.824.8524,1,4124,3020,58,6,5.8,412.4,302.0,30.12,218,7.237479520090922,22547,748.5479391719725,25,4,10,8.75
EUW1_8006984471,1143,6LNyD_IWVNIB_rJynmCMRzPOC5p0aPxQJ2JixG-A4TO776MSlxSOM7gl-91ZXD4gUQZFF1NTXXp3sQ,4,EMERALD,EMERALD,III,86,BOTTOM,Tristana,16.20.824.8524,0,4054,2623,65,6,6.5,405.4,262.3,25.08,168,6.697434111998639,10696,426.40330513058,5,8,5,1.25
EUW1_7955502140,1144,p20G010e1mVTV2lhypTBBcYHqGtRYt7LZxkn8A6XjmtGOiijjAnMEzUd7zTMF-atSia92Ej498BC1A,2,EMERALD,EMERALD,IV,12,JUNGLE,Amumu,16.16.804.9184,0,3190,3037,52,6,5.2,319.0,303.7,25.96,129,4.969808732994137,8423,324.50154231015205,2,3,7,3.0
EUW1_7946146600,1145,p20G010e1mVTV2lhypTBBcYHqGtRYt7LZxkn8A6XjmtGOiijjAnMEzUd7zTMF-atSia92Ej498BC1A,2,EMERALD,EMERALD,IV,12,JUNGLE,Evelynn,16.15.802.4387,1,3242,3640,62,7,6.2,324.2,364.0,40.06,226,5.642117491687655,17317,432.32101152015537,13,5,16,5.8
EUW1_7920062012,1146,p20G010e1mVTV2lhypTBBcYHqGtRYt7LZxkn8A6XjmtGOiijjAnMEzUd7zTMF-atSia92Ej498BC1A,2,EMERALD,EMERALD,IV,12,JUNGLE,Amumu,16.14.794.5912,1,2947,3277,54,7,5.4,294.7,327.7,30.12,166,5.510611246294446,12298,408.249982571862,4,8,15,2.375
EUW1_7920042937,1147,p20G010e1mVTV2lhypTBBcYHqGtRYt7LZxkn8A6XjmtGOiijjAnMEzUd7zTMF-atSia92Ej498BC1A,2,EMERALD,EMERALD,IV,12,JUNGLE,Amumu,16.14.794.5912,1,3540,3744,63,7,6.3,354.0,374.4,22.15,163,7.360384124750232,9553,431.3726965873556,4,2,6,5.0
EUW1_7920027552,1148,p20G010e1mVTV2lhypTBBcYHqGtRYt7LZxkn8A6XjmtGOiijjAnMEzUd7zTMF-atSia92Ej498BC1A,7,EMERALD,EMERALD,IV,12,JUNGLE,Amumu,16.14.794.5912,1,3529,3411,68,7,6.8,352.9,341.1,27.63,190,6.876512908240174,13723,496.6651928409468,8,4,11,4.75
EUW1_7937596020,1149,kHH6s1ftVg1m00zkisKvEIId1eaESBw1oJh0iqoRvHaI46oqg144PRvNzR2nbWMy8Aqu9f7rcWupYw,9,EMERALD,EMERALD,I,75,BOTTOM,Tristana,16.15.801.3452,0,4244,3004,60,6,6.0,424.4,300.4,38.32,300,7.827904391715294,27196,709.6256261236305,22,11,6,2.545
EUW1_7937564411,1150,kHH6s1ftVg1m00zkisKvEIId1eaESBw1oJh0iqoRvHaI46oqg144PRvNzR2nbWMy8Aqu9f7rcWupYw,9,EMERALD,EMERALD,I,75,BOTTOM,Kaisa,16.15.801.3452,1,4937,3896,80,7,8.0,493.7,389.6,20.75,213,10.26591779554276,16609,800.5006040665245,15,5,7,4.4
EUW1_7937057367,1151,kHH6s1ftVg1m00zkisKvEIId1eaESBw1oJh0iqoRvHaI46oqg144PRvNzR2nbWMy8Aqu9f7rcWupYw,7,EMERALD,EMERALD,I,75,JUNGLE,JarvanIV,16.15.801.3452,0,3767,3315,67,7,6.7,376.7,331.5,20.33,113,5.558661920214345,7563,372.0368150670893,5,5,2,1.4
EUW1_7936566543,1152,kHH6s1ftVg1m00zkisKvEIId1eaESBw1oJh0iqoRvHaI46oqg144PRvNzR2nbWMy8Aqu9f7rcWupYw,9,EMERALD,EMERALD,I,75,BOTTOM,Xayah,16.15.801.3452,0,3700,3964,77,7,7.7,370.0,396.4,26.6,228,8.571648770425806,17133,644.1142911566023,13,10,2,1.5
EUW1_7936532748,1153,kHH6s1ftVg1m00zkisKvEIId1eaESBw1oJh0iqoRvHaI46oqg144PRvNzR2nbWMy8Aqu9f7rcWupYw,5,EMERALD,EMERALD,I,75,UTILITY,Rell,16.15.801.3452,0,2399,2082,14,5,1.4,239.9,208.2,34.43,28,0.81318521745444,9639,279.9390111086909,2,9,15,1.889
EUW1_8008147354,1154,V99t53FFhzEtttn-zVn7IxHpDdaihpIxoCaHhUqZOUtN3HqtQ0FePaTtxblryfEQ6476KJoa3oPl0g,4,EMERALD,EMERALD,II,75,BOTTOM,Tristana,16.20.824.8524,0,3285,3139,75,6,7.5,328.5,313.9,28.57,222,7.769640654119748,12495,437.30477465417226,7,4,5,3.0
EUW1_8008130796,1155,V99t53FFhzEtttn-zVn7IxHpDdaihpIxoCaHhUqZOUtN3HqtQ0FePaTtxblryfEQ6476KJoa3oPl0g,9,EMERALD,EMERALD,II,75,BOTTOM,Caitlyn,16.20.824.8524,0,2915,3266,76,7,7.6,291.5,326.6,27.96,241,8.618223430124447,11862,424.1882420254613,4,6,2,1.0
EUW1_8007532060,1156,V99t53FFhzEtttn-zVn7IxHpDdaihpIxoCaHhUqZOUtN3HqtQ0FePaTtxblryfEQ6476KJoa3oPl0g,4,EMERALD,EMERALD,II,75,BOTTOM,Caitlyn,16.20.824.8524,1,3199,3142,74,6,7.4,319.9,314.2,35.16,349,9.926692278228025,19254,547.6462267192045,9,3,5,4.667
EUW1_8004907338,1157,V99t53FFhzEtttn-zVn7IxHpDdaihpIxoCaHhUqZOUtN3HqtQ0FePaTtxblryfEQ6476KJoa3oPl0g,4,EMERALD,EMERALD,II,75,BOTTOM,Jinx,16.19.823.722,1,3481,2763,64,6,6.4,348.1,276.3,25.85,220,8.509771409488911,15422,596.5349758051726,11,2,3,7.0
EUW1_8004867616,1158,V99t53FFhzEtttn-zVn7IxHpDdaihpIxoCaHhUqZOUtN3HqtQ0FePaTtxblryfEQ6476KJoa3oPl0g,9,EMERALD,EMERALD,II,75,BOTTOM,Ezreal,16.19.823.722,0,2764,2997,67,6,6.7,276.4,299.7,30.24,282,9.325103874051575,13438,444.3643470195215,3,5,2,1.0
EUW1_8008233832,1159,hLsNuD8j9EqkTet6ZAUEgxCWlI1CKqgflRa4FfGpE2cWNKBdNq4-g0dEP0ZDwo2j3p-fXcF_Xljpig,4,EMERALD,EMERALD,III,2,BOTTOM,Corki,16.20.824.8524,0,3879,3314,75,7,7.5,387.9,331.4,36.79,243,6.6046488030093276,21909,595.4783976342854,21,10,8,2.9
EUW1_8008210641,1160,hLsNuD8j9EqkTet6ZAUEgxCWlI1CKqgflRa4FfGpE2cWNKBdNq4-g0dEP0ZDwo2j3p-fXcF_Xljpig,8,EMERALD,EMERALD,III,2,MIDDLE,Ekko,16.20.824.8524,0,2927,4040,72,7,7.2,292.7,404.0,16.2,113,6.974906795493265,4734,292.20538734393904,0,7,0,0.0
EUW1_8008158170,1161,hLsNuD8j9EqkTet6ZAUEgxCWlI1CKqgflRa4FfGpE2cWNKBdNq4-g0dEP0ZDwo2j3p-fXcF_Xljpig,10,EMERALD,EMERALD,III,2,UTILITY,Lux,16.20.824.8524,1,2767,2011,13,5,1.3,276.7,201.1,40.29,69,1.7127382216150873,15064,373.9230227595605,10,6,18,4.667
EUW1_8006364964,1162,hLsNuD8j9EqkTet6ZAUEgxCWlI1CKqgflRa4FfGpE2cWNKBdNq4-g0dEP0ZDwo2j3p-fXcF_Xljpig,9,EMERALD,EMERALD,III,2,BOTTOM,Corki,16.20.824.8524,1,4438,3924,76,7,7.6,443.8,392.4,38.89,282,7.251541488288889,20639,530.7254070099092,12,17,14,1.529
EUW1_8006180875,1163,hLsNuD8j9EqkTet6ZAUEgxCWlI1CKqgflRa4FfGpE2cWNKBdNq4-g0dEP0ZDwo2j3p-fXcF_Xljpig,4,EMERALD,EMERALD,III,2,BOTTOM,Corki,16.20.824.8524,0,4018,3466,61,7,6.1,401.8,346.6,43.56,296,6.79456205489593,27630,634.2356404620762,20,8,10,3.75
EUW1_7846424657,1164,z8biuiKhNEN1UAddTh-mjYVwdiq12mYiJqHL4pejcHNPG7dpvX2HojEnL79B39WSUEDltOJdNjjliw,8,EMERALD,EMERALD,IV,0,MIDDLE,Morgana,16.9.772.8292,0,2446,3231,50,7,5.0,244.6,323.1,28.73,186,6.47474125692365,9768,340.0283472990872,3,9,8,1.222
EUW1_7846375826,1165,z8biuiKhNEN1UAddTh-mjYVwdiq12mYiJqHL4pejcHNPG7dpvX2HojEnL79B39WSUEDltOJdNjjliw,10,EMERALD,EMERALD,IV,0,UTILITY,Nautilus,16.9.772.8292,1,2538,2699,19,6,1.9,253.8,269.9,23.62,39,1.6511454292201937,7753,328.23924391651695,2,4,12,3.5
EUW1_7846358517,1166,z8biuiKhNEN1UAddTh-mjYVwdiq12mYiJqHL4pejcHNPG7dpvX2HojEnL79B39WSUEDltOJdNjjliw,8,EMERALD,EMERALD,IV,0,MIDDLE,Morgana,16.9.772.8292,0,3604,3522,55,7,5.5,360.4,352.2,23.58,150,6.360100404785057,8801,373.16829108342193,7,10,1,0.8
EUW1_7845794921,1167,z8biuiKhNEN1UAddTh-mjYVwdiq12mYiJqHL4pejcHNPG7dpvX2HojEnL79B39WSUEDltOJdNjjliw,3,EMERALD,EMERALD,IV,0,MIDDLE,Xerath,16.9.772.8292,1,2598,3646,55,7,5.5,259.8,364.6,35.82,208,5.806725379112167,12953,361.6082395944226,4,10,13,1.7
EUW1_7845736723,1168,z8biuiKhNEN1UAddTh-mjYVwdiq12mYiJqHL4pejcHNPG7dpvX2HojEnL79B39WSUEDltOJdNjjliw,3,EMERALD,EMERALD,IV,0,MIDDLE,Morgana,16.9.772.8292,1,3999,4742,81,8,8.1,399.9,474.2,32.25,220,6.822114400656577,13401,415.55979583272176,7,6,13,3.333
EUW1_7927486954,1169,ofL7k-kYLLForgUHuxZOtDfINUy-bqObt0LwTzIKuq5ZUDqt8irGK1Ar7VGJDdrqGaTwYz2nVEu9bQ,3,EMERALD,EMERALD,I,75,MIDDLE,Anivia,16.14.794.9266,0,2519,3729,58,7,5.8,251.9,372.9,16.35,119,7.276863243891103,5412,330.9444023188122,1,4,0,0.25
EUW1_7927191785,1170,ofL7k-kYLLForgUHuxZOtDfINUy-bqObt0LwTzIKuq5ZUDqt8irGK1Ar7VGJDdrqGaTwYz2nVEu9bQ,3,EMERALD,EMERALD,I,75,MIDDLE,Anivia,16.14.794.9266,1,3101,4172,61,8,6.1,310.1,417.2,36.93,279,7.554461848388177,17396,471.03017317046863,10,4,10,5.0
EUW1_7903391216,1171,ofL7k-kYLLForgUHuxZOtDfINUy-bqObt0LwTzIKuq5ZUDqt8irGK1Ar7VGJDdrqGaTwYz2nVEu9bQ,8,EMERALD,EMERALD,I,75,MIDDLE,Anivia,16.13.791.5903,0,2910,3622,54,7,5.4,291.0,362.2,32.16,194,6.031878790328473,10175,316.3627149051145,2,15,6,0.533
EUW1_7898680332,1172,ofL7k-kYLLForgUHuxZOtDfINUy-bqObt0LwTzIKuq5ZUDqt8irGK1Ar7VGJDdrqGaTwYz2nVEu9bQ,3,EMERALD,EMERALD,I,75,MIDDLE,Anivia,16.13.790.6961,1,3475,4361,67,8,6.7,347.5,436.1,33.02,230,6.964561484965632,13135,397.73702219575466,4,2,21,12.5
EUW1_7898637720,1173,ofL7k-kYLLForgUHuxZOtDfINUy-bqObt0LwTzIKuq5ZUDqt8irGK1Ar7VGJDdrqGaTwYz2nVEu9bQ,9,EMERALD,EMERALD,I,75,BOTTOM,Caitlyn,16.13.790.6961,1,2886,2671,55,6,5.5,288.6,267.1,28.88,203,7.02952805780142,13347,462.182812746185,5,9,11,1.778
EUW1_8001086912,1174,0EMEIsui4aZ5hz0_u2CY_LT1Pv7o7fmegixbEqFsgFfpAlX3vb9bI9HSHAP31XfOZx7w-LJR4UEQLA,1,EMERALD,EMERALD,II,1,TOP,Garen,16.19.823.722,0,3041,4194,59,8,5.9,304.1,419.4,21.56,125,5.797948453919066,9345,433.4546264149894,6,8,4,1.25
EUW1_7996157338,1175,0EMEIsui4aZ5hz0_u2CY_LT1Pv7o7fmegixbEqFsgFfpAlX3vb9bI9HSHAP31XfOZx7w-LJR4UEQLA,8,EMERALD,EMERALD,II,1,MIDDLE,Annie,16.19.821.7343,1,3679,4546,71,8,7.1,367.9,454.6,22.4,171,7.635348837209302,10686,477.14232558139537,9,2,1,5.0
EUW1_7996127427,1176,0EMEIsui4aZ5hz0_u2CY_LT1Pv7o7fmegixbEqFsgFfpAlX3vb9bI9HSHAP31XfOZx7w-LJR4UEQLA,3,EMERALD,EMERALD,II,1,MIDDLE,Azir,16.19.821.7343,1,3704,4857,78,8,7.8,370.4,485.7,25.1,206,8.205683830222013,15407,613.7134503506337,11,2,5,8.0
EUW1_7996105721,1177,0EMEIsui4aZ5hz0_u2CY_LT1Pv7o7fmegixbEqFsgFfpAlX3vb9bI9HSHAP31XfOZx7w-LJR4UEQLA,8,EMERALD,EMERALD,II,1,MIDDLE,Ekko,16.19.821.7343,1,3842,4462,57,8,5.7,384.2,446.2,23.65,160,6.76410262552871,13105,554.022280672211,16,4,7,5.75
EUW1_7996062276,1178,0EMEIsui4aZ5hz0_u2CY_LT1Pv7o7fmegixbEqFsgFfpAlX3vb9bI9HSHAP31XfOZx7w-LJR4UEQLA,3,EMERALD,EMERALD,II,1,MIDDLE,Akali,16.19.821.7343,1,3473,4492,85,8,8.5,347.3,449.2,24.49,176,7.186645905245162,9965,406.9029911691366,6,4,5,2.75
EUW1_8006692619,1179,i_woyoNd_ZDAH1mXNObb7SnEXoUaWXNN5JlfakUrNkBREAjX9dAse0GM3GPAx4BDlkLS3IBnN7h6nQ,9,EMERALD,EMERALD,III,52,BOTTOM,Jhin,16.20.824.8524,0,3130,2709,68,6,6.8,313.0,270.9,24.52,197,8.03330764306016,10123,412.79783386141116,4,6,7,1.833
EUW1_8006638579,1180,i_woyoNd_ZDAH1mXNObb7SnEXoUaWXNN5JlfakUrNkBREAjX9dAse0GM3GPAx4BDlkLS3IBnN7h6nQ,9,EMERALD,EMERALD,III,52,BOTTOM,Jhin,16.20.824.8524,0,2991,3072,67,6,6.7,299.1,307.2,32.68,213,6.517744533994016,11932,365.11609286204975,2,14,8,0.714
EUW1_8006584291,1181,i_woyoNd_ZDAH1mXNObb7SnEXoUaWXNN5JlfakUrNkBREAjX9dAse0GM3GPAx4BDlkLS3IBnN7h6nQ,9,EMERALD,EMERALD,III,52,BOTTOM,Ashe,16.20.824.8524,0,3088,2804,63,6,6.3,308.8,280.4,27.02,209,7.7344767694311765,13191,488.1602060553428,6,7,11,2.429
EUW1_8006542822,1182,i_woyoNd_ZDAH1mXNObb7SnEXoUaWXNN5JlfakUrNkBREAjX9dAse0GM3GPAx4BDlkLS3IBnN7h6nQ,4,EMERALD,EMERALD,III,52,BOTTOM,Aphelios,16.20.824.8524,1,4491,3229,72,7,7.2,449.1,322.9,30.53,210,6.878761822871883,18900,619.0885640584695,15,14,8,1.643
EUW1_8005876225,1183,i_woyoNd_ZDAH1mXNObb7SnEXoUaWXNN5JlfakUrNkBREAjX9dAse0GM3GPAx4BDlkLS3IBnN7h6nQ,9,EMERALD,EMERALD,III,52,BOTTOM,Jinx,16.19.823.722,0,3054,3332,77,7,7.7,305.4,333.2,33.14,240,7.2425499811391925,14678,442.94228592983774,5,12,3,0.667
EUW1_7708252896,1184,S60K0ewn5tRzDKboO8RrCo5eoYj387mAW33cMSe3_qqWSmaBqZvYtHNCc2bUuWK-k8EYbGDlTLTEUA,9,EMERALD,EMERALD,IV,36,BOTTOM,Caitlyn,16.2.741.3171,0,3158,3103,69,6,6.9,315.8,310.3,18.52,100,5.39954859773723,6014,324.728852667917,2,10,0,0.2
EUW1_7708213974,1185,S60K0ewn5tRzDKboO8RrCo5eoYj387mAW33cMSe3_qqWSmaBqZvYtHNCc2bUuWK-k8EYbGDlTLTEUA,4,EMERALD,EMERALD,IV,36,BOTTOM,Aphelios,16.2.741.3171,1,3313,2755,68,6,6.8,331.3,275.5,34.53,312,9.036724727944863,18559,537.5403020061818,7,5,3,2.0
EUW1_7708193487,1186,S60K0ewn5tRzDKboO8RrCo5eoYj387mAW33cMSe3_qqWSmaBqZvYtHNCc2bUuWK-k8EYbGDlTLTEUA,4,EMERALD,EMERALD,IV,36,BOTTOM,Jinx,16.2.741.3171,1,3430,3005,72,6,7.2,343.0,300.5,22.63,195,8.615116362977679,13913,614.6775074774793,8,5,10,3.6
EUW1_7707315057,1187,S60K0ewn5tRzDKboO8RrCo5eoYj387mAW33cMSe3_qqWSmaBqZvYtHNCc2bUuWK-k8EYbGDlTLTEUA,4,EMERALD,EMERALD,IV,36,BOTTOM,Aphelios,16.2.741.3171,1,3082,3515,77,7,7.7,308.2,351.5,29.54,229,7.752370989882987,13605,460.57208435527525,7,7,3,1.429
EUW1_7703444229,1188,S60K0ewn5tRzDKboO8RrCo5eoYj387mAW33cMSe3_qqWSmaBqZvYtHNCc2bUuWK-k8EYbGDlTLTEUA,9,EMERALD,EMERALD,IV,36,BOTTOM,Jinx,16.2.740.1491,0,2726,3273,64,7,6.4,272.6,327.3,27.82,195,7.00861520546025,10695,384.395587807166,2,11,3,0.455
EUW1_7897028640,1189,aHaKkrmjNlGaYhvCB-N2A2c1BJVnLCYR6MbPfk9srAs0jV6ZJrvg7OKp27dApJQ-z72PToM2XvNR4w,6,EMERALD,EMERALD,I,75,TOP,Shen,16.12.788.4269,1,3426,4085,51,8,5.1,342.6,408.5,27.84,197,7.076899312247526,10707,384.6312737879912,4,4,11,3.75
EUW1_7896919406,1190,aHaKkrmjNlGaYhvCB-N2A2c1BJVnLCYR6MbPfk9srAs0jV6ZJrvg7OKp27dApJQ-z72PToM2XvNR4w,6,EMERALD,EMERALD,I,75,TOP,Shen,16.12.788.4269,1,2509,4156,52,8,5.2,250.9,415.6,39.17,259,6.6115786867209385,15068,384.6458210483054,4,4,18,5.5
EUW1_7896848455,1191,aHaKkrmjNlGaYhvCB-N2A2c1BJVnLCYR6MbPfk9srAs0jV6ZJrvg7OKp27dApJQ-z72PToM2XvNR4w,1,EMERALD,EMERALD,I,75,TOP,Shen,16.12.788.4269,1,2910,3959,41,7,4.1,291.0,395.9,33.23,243,7.3137330637920055,15911,478.8839785102658,10,3,15,8.333
EUW1_7896819058,1192,aHaKkrmjNlGaYhvCB-N2A2c1BJVnLCYR6MbPfk9srAs0jV6ZJrvg7OKp27dApJQ-z72PToM2XvNR4w,6,EMERALD,EMERALD,I,75,TOP,Shen,16.12.788.4269,0,3166,3445,40,7,4.0,316.6,344.5,15.5,79,5.097788269709565,5313,342.84239337932814,3,5,2,1.0
EUW1_7895944529,1193,aHaKkrmjNlGaYhvCB-N2A2c1BJVnLCYR6MbPfk9srAs0jV6ZJrvg7OKp27dApJQ-z72PToM2XvNR4w,1,EMERALD,EMERALD,I,75,TOP,Garen,16.12.788.4269,1,4164,5166,80,9,8.0,416.4,516.6,31.87,227,7.122060189252277,14980,469.9932230616701,13,4,6,4.75
EUW1_8001916369,1194,69u3vVpq-WbFpcJwq3lhjMiEPumQD036BIOBk74bgcLNAWs-5GTqggkeD-MjFs0pa3_EnrDaxwpk7A,10,EMERALD,EMERALD,II,81,UTILITY,Blitzcrank,16.19.823.722,1,2445,2554,10,6,1.0,244.5,255.4,37.13,26,0.7002200755788823,11679,314.53347164176023,4,4,22,6.5
EUW1_8000916748,1195,69u3vVpq-WbFpcJwq3lhjMiEPumQD036BIOBk74bgcLNAWs-5GTqggkeD-MjFs0pa3_EnrDaxwpk7A,10,EMERALD,EMERALD,II,81,UTILITY,Blitzcrank,16.19.823.722,1,1939,2005,8,5,0.8,193.9,200.5,32.67,20,0.6121536995508832,8919,272.98994231471636,1,5,15,3.2
EUW1_8000841227,1196,69u3vVpq-WbFpcJwq3lhjMiEPumQD036BIOBk74bgcLNAWs-5GTqggkeD-MjFs0pa3_EnrDaxwpk7A,5,EMERALD,EMERALD,II,81,UTILITY,Blitzcrank,16.19.823.722,1,2429,2595,6,6,0.6,242.9,259.5,39.83,19,0.4770628994878688,10857,272.60378419683116,2,6,17,3.167
EUW1_8000713733,1197,69u3vVpq-WbFpcJwq3lhjMiEPumQD036BIOBk74bgcLNAWs-5GTqggkeD-MjFs0pa3_EnrDaxwpk7A,10,EMERALD,EMERALD,II,81,UTILITY,Thresh,16.19.823.722,0,2125,2368,9,5,0.9,212.5,236.8,32.34,20,0.6185229054494961,8182,253.03772061938886,1,8,11,1.5
EUW1_8000665301,1198,69u3vVpq-WbFpcJwq3lhjMiEPumQD036BIOBk74bgcLNAWs-5GTqggkeD-MjFs0pa3_EnrDaxwpk7A,10,EMERALD,EMERALD,II,81,UTILITY,Blitzcrank,16.19.823.722,1,2543,2572,14,6,1.4,254.3,257.2,26.46,18,0.6801872782306062,8863,334.91665816432567,2,2,21,11.5
EUW1_7985436432,1199,JnizaXX9ieq_MsE6-u9xBlbuiM077POzF9YAkOi5FZzY5iY14_dHI7eWPMDZ1Uya8bZFt05BgOenlQ,10,EMERALD,EMERALD,III,13,UTILITY,TahmKench,16.18.817.5716,0,2578,2549,10,6,1.0,257.8,254.9,37.83,19,0.5022792020281505,10064,266.04936259006877,2,8,7,1.125
EUW1_7961186928,1200,JnizaXX9ieq_MsE6-u9xBlbuiM077POzF9YAkOi5FZzY5iY14_dHI7eWPMDZ1Uya8bZFt05BgOenlQ,6,EMERALD,EMERALD,III,13,TOP,Warwick,16.16.804.9184,0,3131,4161,63,8,6.3,313.1,416.1,21.92,131,5.975504990991128,8292,378.2357815671636,5,7,1,0.857
EUW1_7961141230,1201,JnizaXX9ieq_MsE6-u9xBlbuiM077POzF9YAkOi5FZzY5iY14_dHI7eWPMDZ1Uya8bZFt05BgOenlQ,6,EMERALD,EMERALD,III,13,TOP,Warwick,16.16.804.9184,0,2549,4344,58,8,5.8,254.9,434.4,34.99,234,6.687529472285335,13115,374.81602149154776,4,11,5,0.818
EUW1_7961088953,1202,JnizaXX9ieq_MsE6-u9xBlbuiM077POzF9YAkOi5FZzY5iY14_dHI7eWPMDZ1Uya8bZFt05BgOenlQ,6,EMERALD,EMERALD,III,13,TOP,Warwick,16.16.804.9184,1,3136,3938,49,7,4.9,313.6,393.8,38.21,231,6.0454850782074665,15791,413.2651725972905,8,9,7,1.667
EUW1_7960699080,1203,JnizaXX9ieq_MsE6-u9xBlbuiM077POzF9YAkOi5FZzY5iY14_dHI7eWPMDZ1Uya8bZFt05BgOenlQ,1,EMERALD,EMERALD,III,13,TOP,Warwick,16.16.804.9184,1,3594,4832,67,8,6.7,359.4,483.2,32.24,236,7.319577077317685,15025,466.00273553685685,10,4,7,4.25
EUW1_8004786361,1204,i6akEICelLEtCbvcan3hXTPP_n5RNXRszlMi0U7wh-vkNMwGC4a_uW4B91NX3-eqtV5_kxTU37efmw,4,EMERALD,EMERALD,IV,37,BOTTOM,Viktor,16.19.823.722,1,3430,3628,68,7,6.8,343.0,362.8,22.37,164,7.331083346371337,12299,549.7865492501285,10,5,10,4.0
EUW1_8004651819,1205,i6akEICelLEtCbvcan3hXTPP_n5RNXRszlMi0U7wh-vkNMwGC4a_uW4B91NX3-eqtV5_kxTU37efmw,6,EMERALD,EMERALD,IV,37,TOP,Zilean,16.19.823.722,0,2415,3604,46,7,4.6,241.5,360.4,23.56,103,4.37233627086411,5843,248.03457117144652,0,6,7,1.167
EUW1_8004579432,1206,i6akEICelLEtCbvcan3hXTPP_n5RNXRszlMi0U7wh-vkNMwGC4a_uW4B91NX3-eqtV5_kxTU37efmw,6,EMERALD,EMERALD,IV,37,TOP,Zilean,16.19.823.722,0,2769,3977,47,7,4.7,276.9,397.7,33.36,197,5.904526503930857,11121,333.32101142241146,1,9,11,1.333
EUW1_8003310173,1207,i6akEICelLEtCbvcan3hXTPP_n5RNXRszlMi0U7wh-vkNMwGC4a_uW4B91NX3-eqtV5_kxTU37efmw,1,EMERALD,EMERALD,IV,37,TOP,Zilean,16.19.823.722,0,2842,4205,59,8,5.9,284.2,420.5,30.63,149,4.864935460699593,9751,318.37574280054855,1,6,15,2.667
EUW1_8003263257,1208,i6akEICelLEtCbvcan3hXTPP_n5RNXRszlMi0U7wh-vkNMwGC4a_uW4B91NX3-eqtV5_kxTU37efmw,1,EMERALD,EMERALD,IV,37,TOP,Zilean,16.19.823.722,1,3050,4354,52,8,5.2,305.0,435.4,38.61,142,3.67767826272004,11851,306.9307400809521,3,6,29,5.333
EUW1_7915733579,1209,EEkcHHPkYXeYoFxFwgJXFZ8tnN6VdrTFAi5h_Nbhlh5MnYYVIH8eTiHkyhCI9qbRovgIcFQBWxz6Dg,4,EMERALD,EMERALD,I,75,BOTTOM,Sivir,16.13.791.5903,0,3562,3243,78,7,7.8,356.2,324.3,20.98,207,9.866994189436754,9181,437.62740895274806,3,5,3,1.2
EUW1_7913411736,1210,EEkcHHPkYXeYoFxFwgJXFZ8tnN6VdrTFAi5h_Nbhlh5MnYYVIH8eTiHkyhCI9qbRovgIcFQBWxz6Dg,10,EMERALD,EMERALD,I,75,UTILITY,Pyke,16.13.791.5903,0,2863,2252,24,5,2.4,286.3,225.2,27.34,52,1.9016783530490244,8950,327.308101149784,5,10,4,0.9
EUW1_7912484409,1211,EEkcHHPkYXeYoFxFwgJXFZ8tnN6VdrTFAi5h_Nbhlh5MnYYVIH8eTiHkyhCI9qbRovgIcFQBWxz6Dg,9,EMERALD,EMERALD,I,75,BOTTOM,Kaisa,16.13.791.5903,1,3538,3174,84,6,8.4,353.8,317.4,34.46,319,9.256603793659952,17883,518.9211462132317,8,7,13,3.0
EUW1_7912427326,1212,EEkcHHPkYXeYoFxFwgJXFZ8tnN6VdrTFAi5h_Nbhlh5MnYYVIH8eTiHkyhCI9qbRovgIcFQBWxz6Dg,4,EMERALD,EMERALD,I,75,BOTTOM,Lucian,16.13.791.5903,1,4039,3121,79,6,7.9,403.9,312.1,24.55,215,8.756793303021704,15082,614.2788678891783,16,4,6,5.5
EUW1_7928096275,1214,kFcWsz6sfi3vSk9cn804mti-2MM8l6uPChV0937zz6OOGA9vFlWxdNJwvAsL20sFYmd6agz9S2RZBg,8,EMERALD,EMERALD,II,57,MIDDLE,Ryze,16.14.794.9266,1,4119,4694,79,8,7.9,411.9,469.4,30.04,307,10.221198499337175,16656,554.5416358467753,9,7,8,2.429
EUW1_7866365428,1215,kFcWsz6sfi3vSk9cn804mti-2MM8l6uPChV0937zz6OOGA9vFlWxdNJwvAsL20sFYmd6agz9S2RZBg,1,EMERALD,EMERALD,II,57,TOP,Renekton,16.10.776.5552,1,3707,4947,67,8,6.7,370.7,494.7,32.82,277,8.439028526658342,14848,452.3563016744515,7,6,9,2.667
EUW1_7862432501,1216,kFcWsz6sfi3vSk9cn804mti-2MM8l6uPChV0937zz6OOGA9vFlWxdNJwvAsL20sFYmd6agz9S2RZBg,6,EMERALD,EMERALD,II,57,TOP,Garen,16.10.776.5552,1,4648,5332,79,9,7.9,464.8,533.2,15.24,148,9.712072061824776,8243,540.9230405785245,8,1,0,8.0
EUW1_7862387346,1217,kFcWsz6sfi3vSk9cn804mti-2MM8l6uPChV0937zz6OOGA9vFlWxdNJwvAsL20sFYmd6agz9S2RZBg,1,EMERALD,EMERALD,II,57,TOP,Garen,16.10.776.5552,1,3568,4430,84,8,8.4,356.8,443.0,25.56,265,10.369087337714001,13824,540.9142013455032,6,1,8,14.0
EUW1_7860823197,1218,kFcWsz6sfi3vSk9cn804mti-2MM8l6uPChV0937zz6OOGA9vFlWxdNJwvAsL20sFYmd6agz9S2RZBg,6,EMERALD,EMERALD,II,57,TOP,Malphite,16.10.776.5552,1,2979,4883,67,8,6.7,297.9,488.3,32.43,238,7.3391364591133526,14603,450.30844416988356,10,1,5,15.0
EUW1_8004657486,1219,qLXUDeW2BlLMA0Fny9LoACY1iOx6U9PmsZUQBR1rX5Y1DHuJnMrasqFKJMbs1gtnou9vDtF3_GaAmQ,1,EMERALD,EMERALD,III,20,TOP,Sion,16.19.823.722,0,3426,4812,66,8,6.6,342.6,481.2,30.65,197,6.428318537867527,12670,413.4355120547288,5,8,7,1.5
EUW1_8004599446,1220,qLXUDeW2BlLMA0Fny9LoACY1iOx6U9PmsZUQBR1rX5Y1DHuJnMrasqFKJMbs1gtnou9vDtF3_GaAmQ,1,EMERALD,EMERALD,III,20,TOP,Kayle,16.19.823.722,1,3582,4358,66,8,6.6,358.2,435.8,35.55,369,10.380822391818374,20124,566.1346065391679,16,3,8,8.0
EUW1_8004014239,1221,qLXUDeW2BlLMA0Fny9LoACY1iOx6U9PmsZUQBR1rX5Y1DHuJnMrasqFKJMbs1gtnou9vDtF3_GaAmQ,6,EMERALD,EMERALD,III,20,TOP,Chogath,16.19.823.722,0,2102,2883,31,6,3.1,210.2,288.3,52.27,236,4.515444350337255,19796,378.76159474269616,13,19,13,1.368
EUW1_8003893514,1222,qLXUDeW2BlLMA0Fny9LoACY1iOx6U9PmsZUQBR1rX5Y1DHuJnMrasqFKJMbs1gtnou9vDtF3_GaAmQ,6,EMERALD,EMERALD,III,20,TOP,Irelia,16.19.823.722,1,4378,4783,74,8,7.4,437.8,478.3,26.14,233,8.914281341860777,12094,462.70093797624133,8,7,1,1.286
EUW1_7987936689,1223,qLXUDeW2BlLMA0Fny9LoACY1iOx6U9PmsZUQBR1rX5Y1DHuJnMrasqFKJMbs1gtnou9vDtF3_GaAmQ,2,EMERALD,EMERALD,III,20,JUNGLE,Zyra,16.18.817.5716,1,3561,4049,76,7,7.6,356.1,404.9,37.34,287,7.685458550072638,17359,464.8497385739056,7,4,14,5.25
EUW1_8006354707,1224,eeIbKm2lrnlSgzh4a_8iSLaaaHikKbFxRJPDcSdxmljpfYuhEUXcmxWOjQWREuWQYOA8IUDHdrxMjw,8,EMERALD,EMERALD,IV,87,MIDDLE,Anivia,16.20.824.8524,1,4110,4750,76,8,7.6,411.0,475.0,22.35,192,8.591904665657815,9958,445.6155555240652,5,2,6,5.5
EUW1_8006318269,1225,eeIbKm2lrnlSgzh4a_8iSLaaaHikKbFxRJPDcSdxmljpfYuhEUXcmxWOjQWREuWQYOA8IUDHdrxMjw,3,EMERALD,EMERALD,IV,87,MIDDLE,Anivia,16.20.824.8524,1,3791,4794,78,8,7.8,379.1,479.4,27.76,227,8.17724815786772,12500,450.2889954772973,9,1,3,12.0
EUW1_8006303792,1226,eeIbKm2lrnlSgzh4a_8iSLaaaHikKbFxRJPDcSdxmljpfYuhEUXcmxWOjQWREuWQYOA8IUDHdrxMjw,8,EMERALD,EMERALD,IV,87,MIDDLE,Anivia,16.20.824.8524,0,3281,4716,76,8,7.6,328.1,471.6,28.22,206,7.299011444566489,11413,404.38649328561814,6,4,3,2.25
EUW1_8006244245,1227,eeIbKm2lrnlSgzh4a_8iSLaaaHikKbFxRJPDcSdxmljpfYuhEUXcmxWOjQWREuWQYOA8IUDHdrxMjw,5,EMERALD,EMERALD,IV,87,UTILITY,Braum,16.20.824.8524,1,2651,3049,19,6,1.9,265.1,304.9,36.85,39,1.0584652796248148,10734,291.322213115199,2,7,21,3.286
EUW1_8005311712,1228,eeIbKm2lrnlSgzh4a_8iSLaaaHikKbFxRJPDcSdxmljpfYuhEUXcmxWOjQWREuWQYOA8IUDHdrxMjw,6,EMERALD,EMERALD,IV,87,TOP,Ryze,16.19.823.722,0,3319,4774,74,8,7.4,331.9,477.4,37.83,299,7.903449278490855,18027,476.5066225530256,12,5,13,5.0
EUW1_7960321572,1229,-s6SbiYYpLgFsjry_jt-Ozd5Dn1_rZyIIZOFygAYzgQtCo_lt9BHUE0AW1eK3kCj-L_7pUuoJLKnuQ,4,EMERALD,EMERALD,I,75,BOTTOM,Sivir,16.16.804.9184,0,3271,3475,53,7,5.3,327.1,347.5,18.54,131,7.064831967555704,7208,388.7275482606222,3,5,2,1.0
EUW1_7960305174,1230,-s6SbiYYpLgFsjry_jt-Ozd5Dn1_rZyIIZOFygAYzgQtCo_lt9BHUE0AW1eK3kCj-L_7pUuoJLKnuQ,2,EMERALD,EMERALD,I,75,JUNGLE,Belveth,16.16.804.9184,0,3177,3064,58,6,5.8,317.7,306.4,19.45,111,5.707943554780403,5932,305.04073123385,1,7,0,0.143
EUW1_7956695941,1232,-s6SbiYYpLgFsjry_jt-Ozd5Dn1_rZyIIZOFygAYzgQtCo_lt9BHUE0AW1eK3kCj-L_7pUuoJLKnuQ,2,EMERALD,EMERALD,I,75,JUNGLE,Belveth,16.16.804.9184,0,3230,4076,78,8,7.8,323.0,407.6,23.1,167,7.230584941332679,10427,451.4569412172206,8,3,1,3.0
EUW1_7950111944,1233,-s6SbiYYpLgFsjry_jt-Ozd5Dn1_rZyIIZOFygAYzgQtCo_lt9BHUE0AW1eK3kCj-L_7pUuoJLKnuQ,2,EMERALD,EMERALD,I,75,JUNGLE,Hecarim,16.16.804.9184,1,3840,3373,60,7,6.0,384.0,337.3,27.24,256,9.398444484012549,18833,691.4097850289388,21,3,13,11.333
EUW1_7924110931,1234,KJiQ95NB3HHRM2ssPV3EHv26Tq9wLTmNs5ayKRegaE1KczgYZhBtoy9iyc2hNdpnaq_9Ws3woRpNoA,10,EMERALD,EMERALD,II,80,UTILITY,Seraphine,16.14.794.5912,0,2625,3266,22,7,2.2,262.5,326.6,27.75,50,1.8020918682406537,9575,345.10059276808516,2,8,11,1.625
EUW1_7924099757,1235,KJiQ95NB3HHRM2ssPV3EHv26Tq9wLTmNs5ayKRegaE1KczgYZhBtoy9iyc2hNdpnaq_9Ws3woRpNoA,5,EMERALD,EMERALD,II,80,UTILITY,Senna,16.14.794.5912,1,2644,2642,22,6,2.2,264.4,264.2,19.51,45,2.3064976601862623,7870,403.3808130147974,6,3,10,5.333
EUW1_7916461821,1236,KJiQ95NB3HHRM2ssPV3EHv26Tq9wLTmNs5ayKRegaE1KczgYZhBtoy9iyc2hNdpnaq_9Ws3woRpNoA,5,EMERALD,EMERALD,II,80,UTILITY,Senna,16.13.791.5903,1,2781,2481,12,6,1.2,278.1,248.1,29.58,38,1.284818294009253,10597,358.29524898989615,5,11,12,1.545
EUW1_7916415839,1237,KJiQ95NB3HHRM2ssPV3EHv26Tq9wLTmNs5ayKRegaE1KczgYZhBtoy9iyc2hNdpnaq_9Ws3woRpNoA,5,EMERALD,EMERALD,II,80,UTILITY,Milio,16.13.791.5903,0,2642,2591,8,6,0.8,264.2,259.1,24.28,16,0.6590134157283162,6480,266.9004333699681,1,4,6,1.75
EUW1_7906522185,1238,KJiQ95NB3HHRM2ssPV3EHv26Tq9wLTmNs5ayKRegaE1KczgYZhBtoy9iyc2hNdpnaq_9Ws3woRpNoA,5,EMERALD,EMERALD,II,80,UTILITY,Senna,16.13.791.5903,1,2635,2603,18,6,1.8,263.5,260.3,19.04,33,1.7328262045330032,7046,369.9846496102891,1,2,15,8.0
EUW1_7975429988,1239,5C38l4oWfFkQpUmJCkyBxxJ0BG60amucH8dkKNoDh52vUowupZZihki8dTuTGcR7_P_UMU6YbZUiLg,4,EMERALD,EMERALD,III,37,BOTTOM,Caitlyn,16.17.810.4348,0,2785,2702,59,6,5.9,278.5,270.2,31.17,165,5.29371566437201,10541,338.1882231402749,3,8,6,1.125
EUW1_7975256701,1240,5C38l4oWfFkQpUmJCkyBxxJ0BG60amucH8dkKNoDh52vUowupZZihki8dTuTGcR7_P_UMU6YbZUiLg,5,EMERALD,EMERALD,III,37,UTILITY,Lulu,16.17.810.4348,0,2158,2808,16,6,1.6,215.8,280.8,28.79,44,1.5285154987997678,6846,237.82311601780026,0,5,7,1.4
EUW1_7975194573,1241,5C38l4oWfFkQpUmJCkyBxxJ0BG60amucH8dkKNoDh52vUowupZZihki8dTuTGcR7_P_UMU6YbZUiLg,5,EMERALD,EMERALD,III,37,UTILITY,Nami,16.17.810.4348,0,2201,2537,13,6,1.3,220.1,253.7,31.9,46,1.4420544887603348,8629,270.5106126850637,1,3,7,2.667
EUW1_7969929479,1242,5C38l4oWfFkQpUmJCkyBxxJ0BG60amucH8dkKNoDh52vUowupZZihki8dTuTGcR7_P_UMU6YbZUiLg,5,EMERALD,EMERALD,III,37,UTILITY,Nami,16.17.810.4348,0,2121,2822,12,6,1.2,212.1,282.2,28.68,25,0.8716683383328355,7758,270.4961187514455,2,3,7,3.0
EUW1_7967800345,1243,5C38l4oWfFkQpUmJCkyBxxJ0BG60amucH8dkKNoDh52vUowupZZihki8dTuTGcR7_P_UMU6YbZUiLg,5,EMERALD,EMERALD,III,37,UTILITY,Nami,16.17.810.4348,1,2286,2823,17,6,1.7,228.6,282.3,31.86,40,1.255572912688506,11121,349.08065905022187,1,4,28,7.25
EUW1_7908633883,1244,shG1ViiIx6tEqJAnUUQYNAL6ZTkKgk0nz4RljbVFmMvkLDJUJYbe1omqvVTmsNNZl77nQ3HcgLH4Ag,3,EMERALD,EMERALD,IV,83,MIDDLE,Anivia,16.13.791.5903,0,3133,4750,67,8,6.7,313.3,475.0,28.64,202,7.052071284105376,10388,362.6580024717161,4,5,5,1.8
EUW1_7907044053,1245,shG1ViiIx6tEqJAnUUQYNAL6ZTkKgk0nz4RljbVFmMvkLDJUJYbe1omqvVTmsNNZl77nQ3HcgLH4Ag,10,EMERALD,EMERALD,IV,83,UTILITY,Senna,16.13.791.5903,0,2650,2519,16,6,1.6,265.0,251.9,26.92,37,1.3744819379452362,8656,321.55447715821526,2,6,9,1.833
EUW1_7907040573,1246,shG1ViiIx6tEqJAnUUQYNAL6ZTkKgk0nz4RljbVFmMvkLDJUJYbe1omqvVTmsNNZl77nQ3HcgLH4Ag,10,EMERALD,EMERALD,IV,83,UTILITY,Janna,16.13.791.5903,0,3218,2867,12,6,1.2,321.8,286.7,25.4,28,1.1022320198401765,7483,294.57150730228716,3,7,9,1.714
EUW1_7902870365,1247,shG1ViiIx6tEqJAnUUQYNAL6ZTkKgk0nz4RljbVFmMvkLDJUJYbe1omqvVTmsNNZl77nQ3HcgLH4Ag,5,EMERALD,EMERALD,IV,83,UTILITY,Thresh,16.13.791.5903,1,2095,2058,13,5,1.3,209.5,205.8,33.72,35,1.0378339910400332,10278,304.76736456884174,1,10,20,2.1
EUW1_7902818956,1248,shG1ViiIx6tEqJAnUUQYNAL6ZTkKgk0nz4RljbVFmMvkLDJUJYbe1omqvVTmsNNZl77nQ3HcgLH4Ag,6,EMERALD,EMERALD,IV,83,TOP,DrMundo,16.13.791.5903,1,3253,3845,59,7,5.9,325.3,384.5,27.69,229,8.271393199999759,10821,390.85041841570916,3,3,8,3.667
